linha_fonte,fatura,produto,descricao,quantidade,data,preco_gbp,pais
2,536365,85123A,WHITE HANGING HEART T-LIGHT HOLDER,6,2010-12-01 08:26:00,2.5499999999999998,United Kingdom
3,536365,71053,WHITE METAL LANTERN,6,2010-12-01 08:26:00,3.39,United Kingdom
4,536365,84406B,CREAM CUPID HEARTS COAT HANGER,8,2010-12-01 08:26:00,2.75,United Kingdom
5,536365,84029G,KNITTED UNION FLAG HOT WATER BOTTLE,6,2010-12-01 08:26:00,3.39,United Kingdom
6,536365,84029E,RED WOOLLY HOTTIE WHITE HEART.,6,2010-12-01 08:26:00,3.39,United Kingdom
7,536365,22752,SET 7 BABUSHKA NESTING BOXES,2,2010-12-01 08:26:00,7.65,United Kingdom
8,536365,21730,GLASS STAR FROSTED T-LIGHT HOLDER,6,2010-12-01 08:26:00,4.25,United Kingdom
9,536366,22633,HAND WARMER UNION JACK,6,2010-12-01 08:28:00,1.85,United Kingdom
10,536366,22632,HAND WARMER RED POLKA DOT,6,2010-12-01 08:28:00,1.85,United Kingdom
11,536367,84879,ASSORTED COLOUR BIRD ORNAMENT,32,2010-12-01 08:34:00,1.69,United Kingdom
12,536367,22745,POPPY'S PLAYHOUSE BEDROOM ,6,2010-12-01 08:34:00,2.1,United Kingdom
13,536367,22748,POPPY'S PLAYHOUSE KITCHEN,6,2010-12-01 08:34:00,2.1,United Kingdom
14,536367,22749,FELTCRAFT PRINCESS CHARLOTTE DOLL,8,2010-12-01 08:34:00,3.75,United Kingdom
15,536367,22310,IVORY KNITTED MUG COSY ,6,2010-12-01 08:34:00,1.65,United Kingdom
16,536367,84969,BOX OF 6 ASSORTED COLOUR TEASPOONS,6,2010-12-01 08:34:00,4.25,United Kingdom
17,536367,22623,BOX OF VINTAGE JIGSAW BLOCKS ,3,2010-12-01 08:34:00,4.95,United Kingdom
18,536367,22622,BOX OF VINTAGE ALPHABET BLOCKS,2,2010-12-01 08:34:00,9.9499999999999993,United Kingdom
19,536367,21754,HOME BUILDING BLOCK WORD,3,2010-12-01 08:34:00,5.95,United Kingdom
20,536367,21755,LOVE BUILDING BLOCK WORD,3,2010-12-01 08:34:00,5.95,United Kingdom
21,536367,21777,RECIPE BOX WITH METAL HEART,4,2010-12-01 08:34:00,7.95,United Kingdom
22,536367,48187,DOORMAT NEW ENGLAND,4,2010-12-01 08:34:00,7.95,United Kingdom
23,536368,22960,JAM MAKING SET WITH JARS,6,2010-12-01 08:34:00,4.25,United Kingdom
24,536368,22913,RED COAT RACK PARIS FASHION,3,2010-12-01 08:34:00,4.95,United Kingdom
25,536368,22912,YELLOW COAT RACK PARIS FASHION,3,2010-12-01 08:34:00,4.95,United Kingdom
26,536368,22914,BLUE COAT RACK PARIS FASHION,3,2010-12-01 08:34:00,4.95,United Kingdom
27,536369,21756,BATH BUILDING BLOCK WORD,3,2010-12-01 08:35:00,5.95,United Kingdom
28,536370,22728,ALARM CLOCK BAKELIKE PINK,24,2010-12-01 08:45:00,3.75,France
29,536370,22727,ALARM CLOCK BAKELIKE RED ,24,2010-12-01 08:45:00,3.75,France
30,536370,22726,ALARM CLOCK BAKELIKE GREEN,12,2010-12-01 08:45:00,3.75,France
31,536370,21724,PANDA AND BUNNIES STICKER SHEET,12,2010-12-01 08:45:00,0.85,France
32,536370,21883,STARS GIFT TAPE ,24,2010-12-01 08:45:00,0.65,France
33,536370,10002,INFLATABLE POLITICAL GLOBE ,48,2010-12-01 08:45:00,0.85,France
34,536370,21791,VINTAGE HEADS AND TAILS CARD GAME ,24,2010-12-01 08:45:00,1.25,France
35,536370,21035,SET/2 RED RETROSPOT TEA TOWELS ,18,2010-12-01 08:45:00,2.95,France
36,536370,22326,ROUND SNACK BOXES SET OF4 WOODLAND ,24,2010-12-01 08:45:00,2.95,France
37,536370,22629,SPACEBOY LUNCH BOX ,24,2010-12-01 08:45:00,1.95,France
38,536370,22659,LUNCH BOX I LOVE LONDON,24,2010-12-01 08:45:00,1.95,France
39,536370,22631,CIRCUS PARADE LUNCH BOX ,24,2010-12-01 08:45:00,1.95,France
40,536370,22661,CHARLOTTE BAG DOLLY GIRL DESIGN,20,2010-12-01 08:45:00,0.85,France
41,536370,21731,RED TOADSTOOL LED NIGHT LIGHT,24,2010-12-01 08:45:00,1.65,France
42,536370,22900, SET 2 TEA TOWELS I LOVE LONDON ,24,2010-12-01 08:45:00,2.95,France
43,536370,21913,VINTAGE SEASIDE JIGSAW PUZZLES,12,2010-12-01 08:45:00,3.75,France
44,536370,22540,MINI JIGSAW CIRCUS PARADE ,24,2010-12-01 08:45:00,0.42,France
45,536370,22544,MINI JIGSAW SPACEBOY,24,2010-12-01 08:45:00,0.42,France
46,536370,22492,MINI PAINT SET VINTAGE ,36,2010-12-01 08:45:00,0.65,France
47,536370,POST,POSTAGE,3,2010-12-01 08:45:00,18,France
48,536371,22086,PAPER CHAIN KIT 50'S CHRISTMAS ,80,2010-12-01 09:00:00,2.5499999999999998,United Kingdom
49,536372,22632,HAND WARMER RED POLKA DOT,6,2010-12-01 09:01:00,1.85,United Kingdom
50,536372,22633,HAND WARMER UNION JACK,6,2010-12-01 09:01:00,1.85,United Kingdom
51,536373,85123A,WHITE HANGING HEART T-LIGHT HOLDER,6,2010-12-01 09:02:00,2.5499999999999998,United Kingdom
52,536373,71053,WHITE METAL LANTERN,6,2010-12-01 09:02:00,3.39,United Kingdom
53,536373,84406B,CREAM CUPID HEARTS COAT HANGER,8,2010-12-01 09:02:00,2.75,United Kingdom
54,536373,20679,EDWARDIAN PARASOL RED,6,2010-12-01 09:02:00,4.95,United Kingdom
55,536373,37370,RETRO COFFEE MUGS ASSORTED,6,2010-12-01 09:02:00,1.06,United Kingdom
56,536373,21871,SAVE THE PLANET MUG,6,2010-12-01 09:02:00,1.06,United Kingdom
57,536373,21071,VINTAGE BILLBOARD DRINK ME MUG,6,2010-12-01 09:02:00,1.06,United Kingdom
58,536373,21068,VINTAGE BILLBOARD LOVE/HATE MUG,6,2010-12-01 09:02:00,1.06,United Kingdom
59,536373,82483,WOOD 2 DRAWER CABINET WHITE FINISH,2,2010-12-01 09:02:00,4.95,United Kingdom
60,536373,82486,WOOD S/3 CABINET ANT WHITE FINISH,4,2010-12-01 09:02:00,6.95,United Kingdom
61,536373,82482,WOODEN PICTURE FRAME WHITE FINISH,6,2010-12-01 09:02:00,2.1,United Kingdom
62,536373,82494L,WOODEN FRAME ANTIQUE WHITE ,6,2010-12-01 09:02:00,2.5499999999999998,United Kingdom
63,536373,84029G,KNITTED UNION FLAG HOT WATER BOTTLE,6,2010-12-01 09:02:00,3.39,United Kingdom
64,536373,84029E,RED WOOLLY HOTTIE WHITE HEART.,6,2010-12-01 09:02:00,3.39,United Kingdom
65,536373,22752,SET 7 BABUSHKA NESTING BOXES,2,2010-12-01 09:02:00,7.65,United Kingdom
66,536373,21730,GLASS STAR FROSTED T-LIGHT HOLDER,6,2010-12-01 09:02:00,4.25,United Kingdom
67,536374,21258,VICTORIAN SEWING BOX LARGE,32,2010-12-01 09:09:00,10.95,United Kingdom
68,536375,85123A,WHITE HANGING HEART T-LIGHT HOLDER,6,2010-12-01 09:32:00,2.5499999999999998,United Kingdom
69,536375,71053,WHITE METAL LANTERN,6,2010-12-01 09:32:00,3.39,United Kingdom
70,536375,84406B,CREAM CUPID HEARTS COAT HANGER,8,2010-12-01 09:32:00,2.75,United Kingdom
71,536375,20679,EDWARDIAN PARASOL RED,6,2010-12-01 09:32:00,4.95,United Kingdom
72,536375,37370,RETRO COFFEE MUGS ASSORTED,6,2010-12-01 09:32:00,1.06,United Kingdom
73,536375,21871,SAVE THE PLANET MUG,6,2010-12-01 09:32:00,1.06,United Kingdom
74,536375,21071,VINTAGE BILLBOARD DRINK ME MUG,6,2010-12-01 09:32:00,1.06,United Kingdom
75,536375,21068,VINTAGE BILLBOARD LOVE/HATE MUG,6,2010-12-01 09:32:00,1.06,United Kingdom
76,536375,82483,WOOD 2 DRAWER CABINET WHITE FINISH,2,2010-12-01 09:32:00,4.95,United Kingdom
77,536375,82486,WOOD S/3 CABINET ANT WHITE FINISH,4,2010-12-01 09:32:00,6.95,United Kingdom
78,536375,82482,WOODEN PICTURE FRAME WHITE FINISH,6,2010-12-01 09:32:00,2.1,United Kingdom
79,536375,82494L,WOODEN FRAME ANTIQUE WHITE ,6,2010-12-01 09:32:00,2.5499999999999998,United Kingdom
80,536375,84029G,KNITTED UNION FLAG HOT WATER BOTTLE,6,2010-12-01 09:32:00,3.39,United Kingdom
81,536375,84029E,RED WOOLLY HOTTIE WHITE HEART.,6,2010-12-01 09:32:00,3.39,United Kingdom
82,536375,22752,SET 7 BABUSHKA NESTING BOXES,2,2010-12-01 09:32:00,7.65,United Kingdom
83,536375,21730,GLASS STAR FROSTED T-LIGHT HOLDER,6,2010-12-01 09:32:00,4.25,United Kingdom
84,536376,22114,HOT WATER BOTTLE TEA AND SYMPATHY,48,2010-12-01 09:32:00,3.45,United Kingdom
85,536376,21733,RED HANGING HEART T-LIGHT HOLDER,64,2010-12-01 09:32:00,2.5499999999999998,United Kingdom
86,536377,22632,HAND WARMER RED POLKA DOT,6,2010-12-01 09:34:00,1.85,United Kingdom
87,536377,22633,HAND WARMER UNION JACK,6,2010-12-01 09:34:00,1.85,United Kingdom
88,536378,22386,JUMBO BAG PINK POLKADOT,10,2010-12-01 09:37:00,1.95,United Kingdom
89,536378,85099C,JUMBO  BAG BAROQUE BLACK WHITE,10,2010-12-01 09:37:00,1.95,United Kingdom
90,536378,21033,JUMBO BAG CHARLIE AND LOLA TOYS,10,2010-12-01 09:37:00,2.95,United Kingdom
91,536378,20723,STRAWBERRY CHARLOTTE BAG,10,2010-12-01 09:37:00,0.85,United Kingdom
92,536378,84997B,RED 3 PIECE RETROSPOT CUTLERY SET,12,2010-12-01 09:37:00,3.75,United Kingdom
93,536378,84997C,BLUE 3 PIECE POLKADOT CUTLERY SET,6,2010-12-01 09:37:00,3.75,United Kingdom
94,536378,21094,SET/6 RED SPOTTY PAPER PLATES,12,2010-12-01 09:37:00,0.85,United Kingdom
95,536378,20725,LUNCH BAG RED RETROSPOT,10,2010-12-01 09:37:00,1.65,United Kingdom
96,536378,21559,STRAWBERRY LUNCH BOX WITH CUTLERY,6,2010-12-01 09:37:00,2.5499999999999998,United Kingdom
97,536378,22352,LUNCH BOX WITH CUTLERY RETROSPOT ,6,2010-12-01 09:37:00,2.5499999999999998,United Kingdom
98,536378,21212,PACK OF 72 RETROSPOT CAKE CASES,120,2010-12-01 09:37:00,0.42,United Kingdom
99,536378,21975,PACK OF 60 DINOSAUR CAKE CASES,24,2010-12-01 09:37:00,0.55000000000000004,United Kingdom
100,536378,21977,PACK OF 60 PINK PAISLEY CAKE CASES,24,2010-12-01 09:37:00,0.55000000000000004,United Kingdom
101,536378,84991,60 TEATIME FAIRY CAKE CASES,24,2010-12-01 09:37:00,0.55000000000000004,United Kingdom
102,536378,84519A,TOMATO CHARLIE+LOLA COASTER SET,6,2010-12-01 09:37:00,2.95,United Kingdom
103,536378,85183B,CHARLIE & LOLA WASTEPAPER BIN FLORA,48,2010-12-01 09:37:00,1.25,United Kingdom
104,536378,85071B,RED CHARLIE+LOLA PERSONAL DOORSIGN,96,2010-12-01 09:37:00,0.38,United Kingdom
105,536378,21931,JUMBO STORAGE BAG SUKI,10,2010-12-01 09:37:00,1.95,United Kingdom
106,536378,21929,JUMBO BAG PINK VINTAGE PAISLEY,10,2010-12-01 09:37:00,1.95,United Kingdom
107,536380,22961,JAM MAKING SET PRINTED,24,2010-12-01 09:41:00,1.45,United Kingdom
108,536381,22139,RETROSPOT TEA SET CERAMIC 11 PC ,23,2010-12-01 09:41:00,4.25,United Kingdom
109,536381,84854,GIRLY PINK TOOL SET,5,2010-12-01 09:41:00,4.95,United Kingdom
110,536381,22411,JUMBO SHOPPER VINTAGE RED PAISLEY,10,2010-12-01 09:41:00,1.95,United Kingdom
111,536381,82567,"AIRLINE LOUNGE,METAL SIGN",2,2010-12-01 09:41:00,2.1,United Kingdom
112,536381,21672,WHITE SPOT RED CERAMIC DRAWER KNOB,6,2010-12-01 09:41:00,1.25,United Kingdom
113,536381,22774,RED DRAWER KNOB ACRYLIC EDWARDIAN,24,2010-12-01 09:41:00,1.25,United Kingdom
114,536381,22771,CLEAR DRAWER KNOB ACRYLIC EDWARDIAN,24,2010-12-01 09:41:00,1.25,United Kingdom
115,536381,71270,PHOTO CLIP LINE,1,2010-12-01 09:41:00,1.25,United Kingdom
116,536381,22262,FELT EGG COSY CHICKEN,1,2010-12-01 09:41:00,0.85,United Kingdom
117,536381,22637,PIGGY BANK RETROSPOT ,1,2010-12-01 09:41:00,2.5499999999999998,United Kingdom
118,536381,21934,SKULL SHOULDER BAG,10,2010-12-01 09:41:00,1.65,United Kingdom
119,536381,21169,YOU'RE CONFUSING ME METAL SIGN ,3,2010-12-01 09:41:00,1.69,United Kingdom
120,536381,21166,COOK WITH WINE METAL SIGN ,1,2010-12-01 09:41:00,1.95,United Kingdom
121,536381,21175,GIN + TONIC DIET METAL SIGN,2,2010-12-01 09:41:00,2.1,United Kingdom
122,536381,37444A,YELLOW BREAKFAST CUP AND SAUCER,1,2010-12-01 09:41:00,2.95,United Kingdom
123,536381,37444C,PINK BREAKFAST CUP AND SAUCER ,1,2010-12-01 09:41:00,2.95,United Kingdom
124,536381,22086,PAPER CHAIN KIT 50'S CHRISTMAS ,4,2010-12-01 09:41:00,2.95,United Kingdom
125,536381,22083,PAPER CHAIN KIT RETROSPOT,1,2010-12-01 09:41:00,2.95,United Kingdom
126,536381,84971S,SMALL HEART FLOWERS HOOK ,6,2010-12-01 09:41:00,0.85,United Kingdom
127,536381,71270,PHOTO CLIP LINE,3,2010-12-01 09:41:00,1.25,United Kingdom
128,536381,47580,TEA TIME DES TEA COSY,2,2010-12-01 09:41:00,2.5499999999999998,United Kingdom
129,536381,22261,FELT EGG COSY WHITE RABBIT ,1,2010-12-01 09:41:00,0.85,United Kingdom
130,536381,84832,ZINC WILLIE WINKIE  CANDLE STICK,1,2010-12-01 09:41:00,0.85,United Kingdom
131,536381,22644,CERAMIC CHERRY CAKE MONEY BANK,1,2010-12-01 09:41:00,1.45,United Kingdom
132,536381,21533,RETROSPOT LARGE MILK JUG,1,2010-12-01 09:41:00,4.95,United Kingdom
133,536381,21557,SET OF 6 FUNKY BEAKERS,2,2010-12-01 09:41:00,2.95,United Kingdom
134,536381,15056BL,EDWARDIAN PARASOL BLACK,2,2010-12-01 09:41:00,5.95,United Kingdom
135,536381,15056N,EDWARDIAN PARASOL NATURAL,2,2010-12-01 09:41:00,5.95,United Kingdom
136,536381,22646,CERAMIC STRAWBERRY CAKE MONEY BANK,4,2010-12-01 09:41:00,1.45,United Kingdom
137,536381,22176,BLUE OWL SOFT TOY,1,2010-12-01 09:41:00,2.95,United Kingdom
138,536381,22438,BALLOON ART MAKE YOUR OWN FLOWERS,1,2010-12-01 09:41:00,1.95,United Kingdom
139,536381,21731,RED TOADSTOOL LED NIGHT LIGHT,2,2010-12-01 09:41:00,1.65,United Kingdom
140,536381,22778,GLASS CLOCHE SMALL,3,2010-12-01 09:41:00,3.95,United Kingdom
141,536381,22719,GUMBALL MONOCHROME COAT RACK,36,2010-12-01 09:41:00,1.06,United Kingdom
142,536381,21523,DOORMAT FANCY FONT HOME SWEET HOME,10,2010-12-01 09:41:00,6.75,United Kingdom
143,C536379,D,Discount,-1,2010-12-01 09:41:00,27.5,United Kingdom
144,536382,10002,INFLATABLE POLITICAL GLOBE ,12,2010-12-01 09:45:00,0.85,United Kingdom
145,536382,21912,VINTAGE SNAKES & LADDERS,8,2010-12-01 09:45:00,3.75,United Kingdom
146,536382,21832,CHOCOLATE CALCULATOR,12,2010-12-01 09:45:00,1.65,United Kingdom
147,536382,22411,JUMBO SHOPPER VINTAGE RED PAISLEY,10,2010-12-01 09:45:00,1.95,United Kingdom
148,536382,22379,RECYCLING BAG RETROSPOT ,10,2010-12-01 09:45:00,2.1,United Kingdom
149,536382,22381,TOY TIDY PINK POLKADOT,50,2010-12-01 09:45:00,1.85,United Kingdom
150,536382,22798,ANTIQUE GLASS DRESSING TABLE POT,8,2010-12-01 09:45:00,2.95,United Kingdom
151,536382,22726,ALARM CLOCK BAKELIKE GREEN,4,2010-12-01 09:45:00,3.75,United Kingdom
152,536382,22926,IVORY GIANT GARDEN THERMOMETER,12,2010-12-01 09:45:00,5.95,United Kingdom
153,536382,22839,3 TIER CAKE TIN GREEN AND CREAM,2,2010-12-01 09:45:00,14.95,United Kingdom
154,536382,22838,3 TIER CAKE TIN RED AND CREAM,2,2010-12-01 09:45:00,14.95,United Kingdom
155,536382,22783,SET 3 WICKER OVAL BASKETS W LIDS,4,2010-12-01 09:45:00,16.95,United Kingdom
156,C536383,35004C,SET OF 3 COLOURED  FLYING DUCKS,-1,2010-12-01 09:49:00,4.6500000000000004,United Kingdom
157,536384,82484,WOOD BLACK BOARD ANT WHITE FINISH,3,2010-12-01 09:53:00,6.45,United Kingdom
158,536384,84755,COLOUR GLASS T-LIGHT HOLDER HANGING,48,2010-12-01 09:53:00,0.65,United Kingdom
159,536384,22464,HANGING METAL HEART LANTERN,12,2010-12-01 09:53:00,1.65,United Kingdom
160,536384,21324,HANGING MEDINA LANTERN SMALL,6,2010-12-01 09:53:00,2.95,United Kingdom
161,536384,22457,NATURAL SLATE HEART CHALKBOARD ,12,2010-12-01 09:53:00,2.95,United Kingdom
162,536384,22469,HEART OF WICKER SMALL,40,2010-12-01 09:53:00,1.45,United Kingdom
163,536384,22470,HEART OF WICKER LARGE,40,2010-12-01 09:53:00,2.5499999999999998,United Kingdom
164,536384,22224,WHITE LOVEBIRD LANTERN,6,2010-12-01 09:53:00,2.95,United Kingdom
165,536384,21340,CLASSIC METAL BIRDCAGE PLANT HOLDER,2,2010-12-01 09:53:00,12.75,United Kingdom
166,536384,22189,CREAM HEART CARD HOLDER,4,2010-12-01 09:53:00,3.95,United Kingdom
167,536384,22427,ENAMEL FLOWER JUG CREAM,3,2010-12-01 09:53:00,5.95,United Kingdom
168,536384,22428,ENAMEL FIRE BUCKET CREAM,6,2010-12-01 09:53:00,6.95,United Kingdom
169,536384,22424,ENAMEL BREAD BIN CREAM,8,2010-12-01 09:53:00,10.95,United Kingdom
170,536385,22783,SET 3 WICKER OVAL BASKETS W LIDS,1,2010-12-01 09:56:00,19.95,United Kingdom
171,536385,22961,JAM MAKING SET PRINTED,12,2010-12-01 09:56:00,1.45,United Kingdom
172,536385,22960,JAM MAKING SET WITH JARS,6,2010-12-01 09:56:00,4.25,United Kingdom
173,536385,22663,JUMBO BAG DOLLY GIRL DESIGN,10,2010-12-01 09:56:00,1.95,United Kingdom
174,536385,85049A,TRADITIONAL CHRISTMAS RIBBONS,12,2010-12-01 09:56:00,1.25,United Kingdom
175,536385,22168,ORGANISER WOOD ANTIQUE WHITE ,2,2010-12-01 09:56:00,8.5,United Kingdom
176,536385,22662,LUNCH BAG DOLLY GIRL DESIGN,10,2010-12-01 09:56:00,1.65,United Kingdom
177,536386,84880,WHITE WIRE EGG HOLDER,36,2010-12-01 09:57:00,4.95,United Kingdom
178,536386,85099C,JUMBO  BAG BAROQUE BLACK WHITE,100,2010-12-01 09:57:00,1.65,United Kingdom
179,536386,85099B,JUMBO BAG RED RETROSPOT,100,2010-12-01 09:57:00,1.65,United Kingdom
180,536387,79321,CHILLI LIGHTS,192,2010-12-01 09:58:00,3.82,United Kingdom
181,536387,22780,LIGHT GARLAND BUTTERFILES PINK,192,2010-12-01 09:58:00,3.37,United Kingdom
182,536387,22779,WOODEN OWLS LIGHT GARLAND ,192,2010-12-01 09:58:00,3.37,United Kingdom
183,536387,22466,FAIRY TALE COTTAGE NIGHTLIGHT,432,2010-12-01 09:58:00,1.45,United Kingdom
184,536387,21731,RED TOADSTOOL LED NIGHT LIGHT,432,2010-12-01 09:58:00,1.25,United Kingdom
185,536388,21754,HOME BUILDING BLOCK WORD,3,2010-12-01 09:59:00,5.95,United Kingdom
186,536388,21755,LOVE BUILDING BLOCK WORD,3,2010-12-01 09:59:00,5.95,United Kingdom
187,536388,21523,DOORMAT FANCY FONT HOME SWEET HOME,2,2010-12-01 09:59:00,7.95,United Kingdom
188,536388,21363,HOME SMALL WOOD LETTERS,3,2010-12-01 09:59:00,4.95,United Kingdom
189,536388,21411,GINGHAM HEART  DOORSTOP RED,3,2010-12-01 09:59:00,4.25,United Kingdom
190,536388,22318,FIVE HEART HANGING DECORATION,6,2010-12-01 09:59:00,2.95,United Kingdom
191,536388,22464,HANGING METAL HEART LANTERN,12,2010-12-01 09:59:00,1.65,United Kingdom
192,536388,22915,ASSORTED BOTTLE TOP  MAGNETS ,12,2010-12-01 09:59:00,0.42,United Kingdom
193,536388,22922,FRIDGE MAGNETS US DINER ASSORTED,12,2010-12-01 09:59:00,0.85,United Kingdom
194,536388,22969,HOMEMADE JAM SCENTED CANDLES,12,2010-12-01 09:59:00,1.45,United Kingdom
195,536388,22923,FRIDGE MAGNETS LES ENFANTS ASSORTED,12,2010-12-01 09:59:00,0.85,United Kingdom
196,536388,21115,ROSE CARAVAN DOORSTOP,4,2010-12-01 09:59:00,6.75,United Kingdom
197,536388,22469,HEART OF WICKER SMALL,12,2010-12-01 09:59:00,1.65,United Kingdom
198,536388,22242,5 HOOK HANGER MAGIC TOADSTOOL,12,2010-12-01 09:59:00,1.65,United Kingdom
199,536389,22941,CHRISTMAS LIGHTS 10 REINDEER,6,2010-12-01 10:03:00,8.5,Australia
200,536389,21622,VINTAGE UNION JACK CUSHION COVER,8,2010-12-01 10:03:00,4.95,Australia
201,536389,21791,VINTAGE HEADS AND TAILS CARD GAME ,12,2010-12-01 10:03:00,1.25,Australia
202,536389,35004C,SET OF 3 COLOURED  FLYING DUCKS,6,2010-12-01 10:03:00,5.45,Australia
203,536389,35004G,SET OF 3 GOLD FLYING DUCKS,4,2010-12-01 10:03:00,6.35,Australia
204,536389,85014B,RED RETROSPOT UMBRELLA,6,2010-12-01 10:03:00,5.95,Australia
205,536389,85014A,BLACK/BLUE POLKADOT UMBRELLA,3,2010-12-01 10:03:00,5.95,Australia
206,536389,22193,RED DINER WALL CLOCK,2,2010-12-01 10:03:00,8.5,Australia
207,536389,22726,ALARM CLOCK BAKELIKE GREEN,4,2010-12-01 10:03:00,3.75,Australia
208,536389,22727,ALARM CLOCK BAKELIKE RED ,4,2010-12-01 10:03:00,3.75,Australia
209,536389,22192,BLUE DINER WALL CLOCK,2,2010-12-01 10:03:00,8.5,Australia
210,536389,22191,IVORY DINER WALL CLOCK,2,2010-12-01 10:03:00,8.5,Australia
211,536389,22195,LARGE HEART MEASURING SPOONS,24,2010-12-01 10:03:00,1.65,Australia
212,536389,22196,SMALL HEART MEASURING SPOONS,24,2010-12-01 10:03:00,0.85,Australia
213,536390,22941,CHRISTMAS LIGHTS 10 REINDEER,2,2010-12-01 10:19:00,8.5,United Kingdom
214,536390,22960,JAM MAKING SET WITH JARS,12,2010-12-01 10:19:00,3.75,United Kingdom
215,536390,22961,JAM MAKING SET PRINTED,12,2010-12-01 10:19:00,1.45,United Kingdom
216,536390,22962,JAM JAR WITH PINK LID,48,2010-12-01 10:19:00,0.72,United Kingdom
217,536390,22963,JAM JAR WITH GREEN LID,48,2010-12-01 10:19:00,0.72,United Kingdom
218,536390,22968,ROSE COTTAGE KEEPSAKE BOX ,8,2010-12-01 10:19:00,8.5,United Kingdom
219,536390,84970S,HANGING HEART ZINC T-LIGHT HOLDER,144,2010-12-01 10:19:00,0.64,United Kingdom
220,536390,22910,PAPER CHAIN KIT VINTAGE CHRISTMAS,40,2010-12-01 10:19:00,2.5499999999999998,United Kingdom
221,536390,20668,DISCO BALL CHRISTMAS DECORATION,288,2010-12-01 10:19:00,0.1,United Kingdom
222,536390,85123A,WHITE HANGING HEART T-LIGHT HOLDER,64,2010-12-01 10:19:00,2.5499999999999998,United Kingdom
223,536390,22197,SMALL POPCORN HOLDER,100,2010-12-01 10:19:00,0.72,United Kingdom
224,536390,22198,LARGE POPCORN HOLDER ,50,2010-12-01 10:19:00,1.45,United Kingdom
225,536390,21533,RETROSPOT LARGE MILK JUG,12,2010-12-01 10:19:00,4.25,United Kingdom
226,536390,21080,SET/20 RED RETROSPOT PAPER NAPKINS ,96,2010-12-01 10:19:00,0.64,United Kingdom
227,536390,21094,SET/6 RED SPOTTY PAPER PLATES,96,2010-12-01 10:19:00,0.64,United Kingdom
228,536390,21086,SET/6 RED SPOTTY PAPER CUPS,48,2010-12-01 10:19:00,0.65,United Kingdom
229,536390,21786,POLKADOT RAIN HAT ,144,2010-12-01 10:19:00,0.32,United Kingdom
230,536390,22654,DELUXE SEWING KIT ,40,2010-12-01 10:19:00,4.95,United Kingdom
231,536390,21485,RETROSPOT HEART HOT WATER BOTTLE,24,2010-12-01 10:19:00,4.25,United Kingdom
232,536390,84029G,KNITTED UNION FLAG HOT WATER BOTTLE,24,2010-12-01 10:19:00,3.39,United Kingdom
233,536390,84030E,ENGLISH ROSE HOT WATER BOTTLE,24,2010-12-01 10:19:00,3.75,United Kingdom
234,536390,22174,PHOTO CUBE,48,2010-12-01 10:19:00,1.48,United Kingdom
235,536390,22969,HOMEMADE JAM SCENTED CANDLES,96,2010-12-01 10:19:00,1.25,United Kingdom
236,536390,85099B,JUMBO BAG RED RETROSPOT,100,2010-12-01 10:19:00,1.65,United Kingdom
237,C536391,22556,PLASTERS IN TIN CIRCUS PARADE ,-12,2010-12-01 10:24:00,1.65,United Kingdom
238,C536391,21984,PACK OF 12 PINK PAISLEY TISSUES ,-24,2010-12-01 10:24:00,0.28999999999999998,United Kingdom
239,C536391,21983,PACK OF 12 BLUE PAISLEY TISSUES ,-24,2010-12-01 10:24:00,0.28999999999999998,United Kingdom
240,C536391,21980,PACK OF 12 RED RETROSPOT TISSUES ,-24,2010-12-01 10:24:00,0.28999999999999998,United Kingdom
241,C536391,21484,CHICK GREY HOT WATER BOTTLE,-12,2010-12-01 10:24:00,3.45,United Kingdom
242,C536391,22557,PLASTERS IN TIN VINTAGE PAISLEY ,-12,2010-12-01 10:24:00,1.65,United Kingdom
243,C536391,22553,PLASTERS IN TIN SKULLS,-24,2010-12-01 10:24:00,1.65,United Kingdom
244,536392,22150,3 STRIPEY MICE FELTCRAFT,6,2010-12-01 10:29:00,1.95,United Kingdom
245,536392,22619,SET OF 6 SOLDIER SKITTLES,4,2010-12-01 10:29:00,3.75,United Kingdom
246,536392,21891,TRADITIONAL WOODEN SKIPPING ROPE,12,2010-12-01 10:29:00,1.25,United Kingdom
247,536392,21889,WOODEN BOX OF DOMINOES,12,2010-12-01 10:29:00,1.25,United Kingdom
248,536392,22827,RUSTIC  SEVENTEEN DRAWER SIDEBOARD,1,2010-12-01 10:29:00,165,United Kingdom
249,536392,22127,PARTY CONES CARNIVAL ASSORTED,12,2010-12-01 10:29:00,1.25,United Kingdom
250,536392,22128,PARTY CONES CANDY ASSORTED,12,2010-12-01 10:29:00,1.25,United Kingdom
251,536392,22502,PICNIC BASKET WICKER SMALL,4,2010-12-01 10:29:00,5.95,United Kingdom
252,536392,84879,ASSORTED COLOUR BIRD ORNAMENT,16,2010-12-01 10:29:00,1.69,United Kingdom
253,536392,22338,STAR DECORATION PAINTED ZINC ,24,2010-12-01 10:29:00,0.65,United Kingdom
254,536393,22180,RETROSPOT LAMP,8,2010-12-01 10:37:00,9.9499999999999993,United Kingdom
255,536394,21506,"FANCY FONT BIRTHDAY CARD, ",24,2010-12-01 10:39:00,0.42,United Kingdom
256,536394,22633,HAND WARMER UNION JACK,96,2010-12-01 10:39:00,1.85,United Kingdom
257,536394,22866,HAND WARMER SCOTTY DOG DESIGN,96,2010-12-01 10:39:00,1.85,United Kingdom
258,536394,22865,HAND WARMER OWL DESIGN,96,2010-12-01 10:39:00,1.85,United Kingdom
259,536394,22632,HAND WARMER RED RETROSPOT,96,2010-12-01 10:39:00,1.85,United Kingdom
260,536394,21485,RETROSPOT HEART HOT WATER BOTTLE,12,2010-12-01 10:39:00,4.95,United Kingdom
261,536394,22349,DOG BOWL CHASING BALL DESIGN,12,2010-12-01 10:39:00,3.75,United Kingdom
262,536394,22558,CLOTHES PEGS RETROSPOT PACK 24 ,48,2010-12-01 10:39:00,1.25,United Kingdom
263,536394,85152,HAND OVER THE CHOCOLATE   SIGN ,12,2010-12-01 10:39:00,2.1,United Kingdom
264,536394,85123A,WHITE HANGING HEART T-LIGHT HOLDER,32,2010-12-01 10:39:00,2.5499999999999998,United Kingdom
265,536394,22652,TRAVEL SEWING KIT,20,2010-12-01 10:39:00,1.65,United Kingdom
266,536395,22188,BLACK HEART CARD HOLDER,8,2010-12-01 10:47:00,3.95,United Kingdom
267,536395,84879,ASSORTED COLOUR BIRD ORNAMENT,32,2010-12-01 10:47:00,1.69,United Kingdom
268,536395,21977,PACK OF 60 PINK PAISLEY CAKE CASES,24,2010-12-01 10:47:00,0.55000000000000004,United Kingdom
269,536395,84991,60 TEATIME FAIRY CAKE CASES,24,2010-12-01 10:47:00,0.55000000000000004,United Kingdom
270,536395,21212,PACK OF 72 RETROSPOT CAKE CASES,24,2010-12-01 10:47:00,0.55000000000000004,United Kingdom
271,536395,21484,CHICK GREY HOT WATER BOTTLE,8,2010-12-01 10:47:00,3.45,United Kingdom
272,536395,21314,SMALL GLASS HEART TRINKET POT,8,2010-12-01 10:47:00,2.1,United Kingdom
273,536395,22730,ALARM CLOCK BAKELIKE IVORY,4,2010-12-01 10:47:00,3.75,United Kingdom
274,536395,22727,ALARM CLOCK BAKELIKE RED ,8,2010-12-01 10:47:00,3.75,United Kingdom
275,536395,22729,ALARM CLOCK BAKELIKE ORANGE,8,2010-12-01 10:47:00,3.75,United Kingdom
276,536395,22726,ALARM CLOCK BAKELIKE GREEN,8,2010-12-01 10:47:00,3.75,United Kingdom
277,536395,22114,HOT WATER BOTTLE TEA AND SYMPATHY,8,2010-12-01 10:47:00,3.95,United Kingdom
278,536395,22867,HAND WARMER BIRD DESIGN,48,2010-12-01 10:47:00,2.1,United Kingdom
279,536395,22866,HAND WARMER SCOTTY DOG DESIGN,48,2010-12-01 10:47:00,2.1,United Kingdom
280,536396,85123A,WHITE HANGING HEART T-LIGHT HOLDER,6,2010-12-01 10:51:00,2.5499999999999998,United Kingdom
281,536396,71053,WHITE METAL LANTERN,6,2010-12-01 10:51:00,3.39,United Kingdom
282,536396,84406B,CREAM CUPID HEARTS COAT HANGER,8,2010-12-01 10:51:00,2.75,United Kingdom
283,536396,15056BL,EDWARDIAN PARASOL BLACK,6,2010-12-01 10:51:00,4.95,United Kingdom
284,536396,20679,EDWARDIAN PARASOL RED,6,2010-12-01 10:51:00,4.95,United Kingdom
285,536396,37370,RETRO COFFEE MUGS ASSORTED,6,2010-12-01 10:51:00,1.06,United Kingdom
286,536396,21871,SAVE THE PLANET MUG,6,2010-12-01 10:51:00,1.06,United Kingdom
287,536396,21071,VINTAGE BILLBOARD DRINK ME MUG,6,2010-12-01 10:51:00,1.06,United Kingdom
288,536396,21068,VINTAGE BILLBOARD LOVE/HATE MUG,6,2010-12-01 10:51:00,1.06,United Kingdom
289,536396,82483,WOOD 2 DRAWER CABINET WHITE FINISH,2,2010-12-01 10:51:00,4.95,United Kingdom
290,536396,82486,WOOD S/3 CABINET ANT WHITE FINISH,4,2010-12-01 10:51:00,6.95,United Kingdom
291,536396,82482,WOODEN PICTURE FRAME WHITE FINISH,6,2010-12-01 10:51:00,2.1,United Kingdom
292,536396,82494L,WOODEN FRAME ANTIQUE WHITE ,12,2010-12-01 10:51:00,2.5499999999999998,United Kingdom
293,536396,84029G,KNITTED UNION FLAG HOT WATER BOTTLE,6,2010-12-01 10:51:00,3.39,United Kingdom
294,536396,84029E,RED WOOLLY HOTTIE WHITE HEART.,6,2010-12-01 10:51:00,3.39,United Kingdom
295,536396,22752,SET 7 BABUSHKA NESTING BOXES,2,2010-12-01 10:51:00,7.65,United Kingdom
296,536396,22803,IVORY EMBROIDERED QUILT ,2,2010-12-01 10:51:00,35.75,United Kingdom
297,536396,21730,GLASS STAR FROSTED T-LIGHT HOLDER,6,2010-12-01 10:51:00,4.25,United Kingdom
298,536397,35004B,SET OF 3 BLACK FLYING DUCKS,12,2010-12-01 10:51:00,4.6500000000000004,United Kingdom
299,536397,35004C,SET OF 3 COLOURED  FLYING DUCKS,48,2010-12-01 10:51:00,4.6500000000000004,United Kingdom
300,536398,21980,PACK OF 12 RED RETROSPOT TISSUES ,24,2010-12-01 10:52:00,0.28999999999999998,United Kingdom
301,536398,21844,RED RETROSPOT MUG,6,2010-12-01 10:52:00,2.95,United Kingdom
302,536398,22468,BABUSHKA LIGHTS STRING OF 10,4,2010-12-01 10:52:00,6.75,United Kingdom
303,536398,22637,PIGGY BANK RETROSPOT ,8,2010-12-01 10:52:00,2.5499999999999998,United Kingdom
304,536398,22752,SET 7 BABUSHKA NESTING BOXES,6,2010-12-01 10:52:00,8.5,United Kingdom
305,536398,48185,DOORMAT FAIRY CAKE,2,2010-12-01 10:52:00,7.95,United Kingdom
306,536398,22632,HAND WARMER RED RETROSPOT,12,2010-12-01 10:52:00,2.1,United Kingdom
307,536398,22866,HAND WARMER SCOTTY DOG DESIGN,12,2010-12-01 10:52:00,2.1,United Kingdom
308,536398,22865,HAND WARMER OWL DESIGN,12,2010-12-01 10:52:00,2.1,United Kingdom
309,536398,21232,STRAWBERRY CERAMIC TRINKET BOX,12,2010-12-01 10:52:00,1.25,United Kingdom
310,536398,22064,PINK DOUGHNUT TRINKET POT ,12,2010-12-01 10:52:00,1.65,United Kingdom
311,536398,22449,SILK PURSE BABUSHKA PINK,6,2010-12-01 10:52:00,3.35,United Kingdom
312,536398,22114,HOT WATER BOTTLE TEA AND SYMPATHY,4,2010-12-01 10:52:00,3.95,United Kingdom
313,536398,22835,HOT WATER BOTTLE I AM SO POORLY,8,2010-12-01 10:52:00,4.6500000000000004,United Kingdom
314,536398,22112,CHOCOLATE HOT WATER BOTTLE,9,2010-12-01 10:52:00,4.95,United Kingdom
315,536398,21479,WHITE SKULL HOT WATER BOTTLE ,4,2010-12-01 10:52:00,3.75,United Kingdom
316,536398,22111,SCOTTIE DOG HOT WATER BOTTLE,9,2010-12-01 10:52:00,4.95,United Kingdom
317,536399,22632,HAND WARMER RED POLKA DOT,6,2010-12-01 10:52:00,1.85,United Kingdom
318,536399,22633,HAND WARMER UNION JACK,6,2010-12-01 10:52:00,1.85,United Kingdom
319,536400,22969,HOMEMADE JAM SCENTED CANDLES,12,2010-12-01 10:53:00,1.45,United Kingdom
320,536401,22110,BIRD HOUSE HOT WATER BOTTLE,1,2010-12-01 11:21:00,2.5499999999999998,United Kingdom
321,536401,22098,BOUDOIR SQUARE TISSUE BOX,1,2010-12-01 11:21:00,1.25,United Kingdom
322,536401,22100,SKULLS SQUARE TISSUE BOX,2,2010-12-01 11:21:00,1.25,United Kingdom
323,536401,22766,PHOTO FRAME CORNICE,1,2010-12-01 11:21:00,2.95,United Kingdom
324,536401,22451,SILK PURSE BABUSHKA RED,1,2010-12-01 11:21:00,3.35,United Kingdom
325,536401,22549,PICTURE DOMINOES,1,2010-12-01 11:21:00,1.45,United Kingdom
326,536401,84744,S/6 SEW ON CROCHET FLOWERS,1,2010-12-01 11:21:00,1.25,United Kingdom
327,536401,85049E,SCANDINAVIAN REDS RIBBONS,2,2010-12-01 11:21:00,1.25,United Kingdom
328,536401,21328,BALLOONS  WRITING SET ,1,2010-12-01 11:21:00,1.65,United Kingdom
329,536401,22961,JAM MAKING SET PRINTED,4,2010-12-01 11:21:00,1.45,United Kingdom
330,536401,17091A,LAVENDER INCENSE IN TIN,1,2010-12-01 11:21:00,1.25,United Kingdom
331,536401,22473,TV DINNER TRAY VINTAGE PAISLEY,1,2010-12-01 11:21:00,4.95,United Kingdom
332,536401,84509A,SET OF 4 ENGLISH ROSE PLACEMATS,2,2010-12-01 11:21:00,3.75,United Kingdom
333,536401,84510A,SET OF 4 ENGLISH ROSE COASTERS,2,2010-12-01 11:21:00,1.25,United Kingdom
334,536401,22767,TRIPLE PHOTO FRAME CORNICE ,2,2010-12-01 11:21:00,9.9499999999999993,United Kingdom
335,536401,22768,FAMILY PHOTO FRAME CORNICE,1,2010-12-01 11:21:00,9.9499999999999993,United Kingdom
336,536401,21463,MIRRORED DISCO BALL ,1,2010-12-01 11:21:00,5.95,United Kingdom
337,536401,21464,DISCO BALL ROTATOR BATTERY OPERATED,1,2010-12-01 11:21:00,4.25,United Kingdom
338,536401,20820,SILVER LOOKING MIRROR,3,2010-12-01 11:21:00,4.95,United Kingdom
339,536401,85150,LADIES & GENTLEMEN METAL SIGN,1,2010-12-01 11:21:00,2.5499999999999998,United Kingdom
340,536401,22117,METAL SIGN HER DINNER IS SERVED ,1,2010-12-01 11:21:00,2.95,United Kingdom
341,536401,21169,YOU'RE CONFUSING ME METAL SIGN ,2,2010-12-01 11:21:00,1.69,United Kingdom
342,536401,48129,DOORMAT TOPIARY,1,2010-12-01 11:21:00,7.95,United Kingdom
343,536401,82580,BATHROOM METAL SIGN,1,2010-12-01 11:21:00,0.55000000000000004,United Kingdom
344,536401,82578,KITCHEN METAL SIGN,1,2010-12-01 11:21:00,0.55000000000000004,United Kingdom
345,536401,82581,TOILET METAL SIGN,2,2010-12-01 11:21:00,0.55000000000000004,United Kingdom
346,536401,22413,METAL SIGN TAKE IT OR LEAVE IT ,4,2010-12-01 11:21:00,2.95,United Kingdom
347,536401,21907,I'M ON HOLIDAY METAL SIGN,2,2010-12-01 11:21:00,2.1,United Kingdom
348,536401,22441,GROW YOUR OWN BASIL IN ENAMEL MUG,1,2010-12-01 11:21:00,2.1,United Kingdom
349,536401,21122,SET/10 PINK POLKADOT PARTY CANDLES,1,2010-12-01 11:21:00,1.25,United Kingdom
350,536401,22851,SET 20 NAPKINS FAIRY CAKES DESIGN ,1,2010-12-01 11:21:00,0.85,United Kingdom
351,536401,84991,60 TEATIME FAIRY CAKE CASES,3,2010-12-01 11:21:00,0.55000000000000004,United Kingdom
352,536401,22810,SET OF 6 T-LIGHTS SNOWMEN,1,2010-12-01 11:21:00,2.95,United Kingdom
353,536401,22809,SET OF 6 T-LIGHTS SANTA,1,2010-12-01 11:21:00,2.95,United Kingdom
354,536401,22435,SET OF 9 HEART SHAPED BALLOONS,2,2010-12-01 11:21:00,1.25,United Kingdom
355,536401,20966,SANDWICH BATH SPONGE,3,2010-12-01 11:21:00,1.25,United Kingdom
356,536401,20963,APPLE BATH SPONGE,1,2010-12-01 11:21:00,1.25,United Kingdom
357,536401,20961,STRAWBERRY BATH SPONGE ,1,2010-12-01 11:21:00,1.25,United Kingdom
358,536401,22068,BLACK PIRATE TREASURE CHEST,2,2010-12-01 11:21:00,1.65,United Kingdom
359,536401,21743,STAR PORTABLE TABLE LIGHT ,2,2010-12-01 11:21:00,2.95,United Kingdom
360,536401,21744,SNOWFLAKE PORTABLE TABLE LIGHT ,2,2010-12-01 11:21:00,2.95,United Kingdom
361,536401,84709B,PINK OVAL JEWELLED MIRROR,1,2010-12-01 11:21:00,5.95,United Kingdom
362,536401,21592,RETROSPOT CIGAR BOX MATCHES ,1,2010-12-01 11:21:00,1.25,United Kingdom
363,536401,21587,COSY HOUR GIANT TUBE MATCHES,2,2010-12-01 11:21:00,2.5499999999999998,United Kingdom
364,536401,20992,JAZZ HEARTS PURSE NOTEBOOK,9,2010-12-01 11:21:00,0.85,United Kingdom
365,536401,22662,LUNCH BAG DOLLY GIRL DESIGN,1,2010-12-01 11:21:00,1.65,United Kingdom
366,536401,85123A,WHITE HANGING HEART T-LIGHT HOLDER,4,2010-12-01 11:21:00,2.95,United Kingdom
367,536401,22804,CANDLEHOLDER PINK HANGING HEART,3,2010-12-01 11:21:00,2.95,United Kingdom
368,536401,82483,WOOD 2 DRAWER CABINET WHITE FINISH,1,2010-12-01 11:21:00,5.95,United Kingdom
369,536401,20749,ASSORTED COLOUR MINI CASES,1,2010-12-01 11:21:00,7.95,United Kingdom
370,536401,20725,LUNCH BAG RED RETROSPOT,1,2010-12-01 11:21:00,1.65,United Kingdom
371,536401,22382,LUNCH BAG SPACEBOY DESIGN ,2,2010-12-01 11:21:00,1.65,United Kingdom
372,536401,20726,LUNCH BAG WOODLAND,1,2010-12-01 11:21:00,1.65,United Kingdom
373,536401,22384,LUNCH BAG PINK POLKADOT,1,2010-12-01 11:21:00,1.65,United Kingdom
374,536401,22467,GUMBALL COAT RACK,5,2010-12-01 11:21:00,2.5499999999999998,United Kingdom
375,536401,84625C,BLUE NEW BAROQUE CANDLESTICK CANDLE,3,2010-12-01 11:21:00,2.95,United Kingdom
376,536401,84625A,PINK NEW BAROQUECANDLESTICK CANDLE,3,2010-12-01 11:21:00,2.95,United Kingdom
377,536401,21108,FAIRY CAKE FLANNEL ASSORTED COLOUR,9,2010-12-01 11:21:00,2.5499999999999998,United Kingdom
378,536401,22848,BREAD BIN DINER STYLE PINK,1,2010-12-01 11:21:00,16.95,United Kingdom
379,536401,21033,JUMBO BAG CHARLIE AND LOLA TOYS,4,2010-12-01 11:21:00,2.95,United Kingdom
380,536401,47570B,TEA TIME TABLE CLOTH,1,2010-12-01 11:21:00,10.65,United Kingdom
381,536401,84030E,ENGLISH ROSE HOT WATER BOTTLE,1,2010-12-01 11:21:00,4.25,United Kingdom
382,536401,22428,ENAMEL FIRE BUCKET CREAM,2,2010-12-01 11:21:00,6.95,United Kingdom
383,536401,22502,PICNIC BASKET WICKER SMALL,2,2010-12-01 11:21:00,5.95,United Kingdom
384,536402,22086,PAPER CHAIN KIT 50'S CHRISTMAS ,40,2010-12-01 11:22:00,2.5499999999999998,United Kingdom
385,536402,22910,PAPER CHAIN KIT VINTAGE CHRISTMAS,40,2010-12-01 11:22:00,2.5499999999999998,United Kingdom
386,536402,22837,HOT WATER BOTTLE BABUSHKA ,36,2010-12-01 11:22:00,4.25,United Kingdom
387,536403,22867,HAND WARMER BIRD DESIGN,96,2010-12-01 11:27:00,1.85,Netherlands
388,536403,POST,POSTAGE,1,2010-12-01 11:27:00,15,Netherlands
389,536404,22297,HEART IVORY TRELLIS SMALL,24,2010-12-01 11:29:00,1.25,United Kingdom
390,536404,22771,CLEAR DRAWER KNOB ACRYLIC EDWARDIAN,12,2010-12-01 11:29:00,1.25,United Kingdom
391,536404,22772,PINK DRAWER KNOB ACRYLIC EDWARDIAN,12,2010-12-01 11:29:00,1.25,United Kingdom
392,536404,22773,GREEN DRAWER KNOB ACRYLIC EDWARDIAN,12,2010-12-01 11:29:00,1.25,United Kingdom
393,536404,22805,BLUE DRAWER KNOB ACRYLIC EDWARDIAN,12,2010-12-01 11:29:00,1.25,United Kingdom
394,536404,22469,HEART OF WICKER SMALL,12,2010-12-01 11:29:00,1.65,United Kingdom
395,536404,22197,SMALL POPCORN HOLDER,36,2010-12-01 11:29:00,0.85,United Kingdom
396,536404,21125,SET 6 FOOTBALL CELEBRATION CANDLES,12,2010-12-01 11:29:00,1.25,United Kingdom
397,536404,21126,SET OF 6 GIRLS CELEBRATION CANDLES,12,2010-12-01 11:29:00,1.25,United Kingdom
398,536404,85049C,ROMANTIC PINKS RIBBONS ,12,2010-12-01 11:29:00,1.25,United Kingdom
399,536404,85049D,BRIGHT BLUES RIBBONS ,12,2010-12-01 11:29:00,1.25,United Kingdom
400,536404,85049E,SCANDINAVIAN REDS RIBBONS,12,2010-12-01 11:29:00,1.25,United Kingdom
401,536404,85049G,CHOCOLATE BOX RIBBONS ,12,2010-12-01 11:29:00,1.25,United Kingdom
402,536404,21061,PARTY INVITES FOOTBALL,12,2010-12-01 11:29:00,0.85,United Kingdom
403,536404,21063,PARTY INVITES JAZZ HEARTS,12,2010-12-01 11:29:00,0.85,United Kingdom
404,536404,21062,PARTY INVITES SPACEMAN,12,2010-12-01 11:29:00,0.85,United Kingdom
405,536404,84380,SET OF 3 BUTTERFLY COOKIE CUTTERS,12,2010-12-01 11:29:00,1.25,United Kingdom
406,536404,84378,SET OF 3 HEART COOKIE CUTTERS,12,2010-12-01 11:29:00,1.25,United Kingdom
407,536404,22964,3 PIECE SPACEBOY COOKIE CUTTER SET,12,2010-12-01 11:29:00,2.1,United Kingdom
408,536404,21213,PACK OF 72 SKULL CAKE CASES,24,2010-12-01 11:29:00,0.55000000000000004,United Kingdom
409,536404,22417,PACK OF 60 SPACEBOY CAKE CASES,24,2010-12-01 11:29:00,0.55000000000000004,United Kingdom
410,536404,21212,PACK OF 72 RETROSPOT CAKE CASES,24,2010-12-01 11:29:00,0.55000000000000004,United Kingdom
411,536404,84992,72 SWEETHEART FAIRY CAKE CASES,24,2010-12-01 11:29:00,0.55000000000000004,United Kingdom
412,536404,21975,PACK OF 60 DINOSAUR CAKE CASES,24,2010-12-01 11:29:00,0.55000000000000004,United Kingdom
413,536404,22383,LUNCH BAG SUKI  DESIGN ,10,2010-12-01 11:29:00,1.65,United Kingdom
414,536404,20728,LUNCH BAG CARS BLUE,10,2010-12-01 11:29:00,1.65,United Kingdom
415,536404,20727,LUNCH BAG  BLACK SKULL.,10,2010-12-01 11:29:00,1.65,United Kingdom
416,536404,22296,HEART IVORY TRELLIS LARGE,24,2010-12-01 11:29:00,1.65,United Kingdom
417,536405,20914,SET/5 RED RETROSPOT LID GLASS BOWLS,128,2010-12-01 11:32:00,2.5499999999999998,United Kingdom
418,536406,85123A,WHITE HANGING HEART T-LIGHT HOLDER,8,2010-12-01 11:33:00,2.5499999999999998,United Kingdom
419,536406,71053,WHITE METAL LANTERN,8,2010-12-01 11:33:00,3.39,United Kingdom
420,536406,84406B,CREAM CUPID HEARTS COAT HANGER,8,2010-12-01 11:33:00,2.75,United Kingdom
421,536406,20679,EDWARDIAN PARASOL RED,6,2010-12-01 11:33:00,4.95,United Kingdom
422,536406,37370,RETRO COFFEE MUGS ASSORTED,6,2010-12-01 11:33:00,1.06,United Kingdom
423,536406,21871,SAVE THE PLANET MUG,6,2010-12-01 11:33:00,1.06,United Kingdom
424,536406,21071,VINTAGE BILLBOARD DRINK ME MUG,6,2010-12-01 11:33:00,1.06,United Kingdom
425,536406,21068,VINTAGE BILLBOARD LOVE/HATE MUG,6,2010-12-01 11:33:00,1.06,United Kingdom
426,536406,82483,WOOD 2 DRAWER CABINET WHITE FINISH,4,2010-12-01 11:33:00,4.95,United Kingdom
427,536406,82486,WOOD S/3 CABINET ANT WHITE FINISH,4,2010-12-01 11:33:00,6.95,United Kingdom
428,536406,82482,WOODEN PICTURE FRAME WHITE FINISH,6,2010-12-01 11:33:00,2.1,United Kingdom
429,536406,82494L,WOODEN FRAME ANTIQUE WHITE ,6,2010-12-01 11:33:00,2.5499999999999998,United Kingdom
430,536406,84029G,KNITTED UNION FLAG HOT WATER BOTTLE,6,2010-12-01 11:33:00,3.39,United Kingdom
431,536406,84029E,RED WOOLLY HOTTIE WHITE HEART.,6,2010-12-01 11:33:00,3.39,United Kingdom
432,536406,22752,SET 7 BABUSHKA NESTING BOXES,2,2010-12-01 11:33:00,7.65,United Kingdom
433,536406,22803,IVORY EMBROIDERED QUILT ,2,2010-12-01 11:33:00,35.75,United Kingdom
434,536406,21730,GLASS STAR FROSTED T-LIGHT HOLDER,6,2010-12-01 11:33:00,4.25,United Kingdom
435,536407,22632,HAND WARMER RED POLKA DOT,6,2010-12-01 11:34:00,1.85,United Kingdom
436,536407,22633,HAND WARMER UNION JACK,6,2010-12-01 11:34:00,1.85,United Kingdom
437,536408,22537,MAGIC DRAWING SLATE DINOSAUR,24,2010-12-01 11:41:00,0.42,United Kingdom
438,536408,22533,MAGIC DRAWING SLATE BAKE A CAKE ,24,2010-12-01 11:41:00,0.42,United Kingdom
439,536408,20982,12 PENCILS TALL TUBE SKULLS,12,2010-12-01 11:41:00,0.85,United Kingdom
440,536408,21832,CHOCOLATE CALCULATOR,12,2010-12-01 11:41:00,1.65,United Kingdom
441,536408,21915,RED  HARMONICA IN BOX ,12,2010-12-01 11:41:00,1.25,United Kingdom
442,536408,21914,BLUE HARMONICA IN BOX ,12,2010-12-01 11:41:00,1.25,United Kingdom
443,536408,21544,SKULLS  WATER TRANSFER TATTOOS ,12,2010-12-01 11:41:00,0.85,United Kingdom
444,536408,22813,PACK 3 BOXES BIRD PANNETONE ,12,2010-12-01 11:41:00,1.95,United Kingdom
445,536408,22114,HOT WATER BOTTLE TEA AND SYMPATHY,4,2010-12-01 11:41:00,3.95,United Kingdom
446,536408,84029E,RED WOOLLY HOTTIE WHITE HEART.,4,2010-12-01 11:41:00,3.75,United Kingdom
447,536408,21479,WHITE SKULL HOT WATER BOTTLE ,4,2010-12-01 11:41:00,3.75,United Kingdom
448,536408,22964,3 PIECE SPACEBOY COOKIE CUTTER SET,6,2010-12-01 11:41:00,2.1,United Kingdom
449,536408,84375,SET OF 20 KIDS COOKIE CUTTERS,12,2010-12-01 11:41:00,2.1,United Kingdom
450,536408,22418,10 COLOUR SPACEBOY PEN,24,2010-12-01 11:41:00,0.85,United Kingdom
451,536408,22178,VICTORIAN GLASS HANGING T-LIGHT,12,2010-12-01 11:41:00,1.25,United Kingdom
452,536408,84970L,SINGLE HEART ZINC T-LIGHT HOLDER,12,2010-12-01 11:41:00,0.95,United Kingdom
453,536408,21733,RED HANGING HEART T-LIGHT HOLDER,6,2010-12-01 11:41:00,2.95,United Kingdom
454,536408,22465,HANGING METAL STAR LANTERN,12,2010-12-01 11:41:00,1.65,United Kingdom
455,536408,84949,SILVER HANGING T-LIGHT HOLDER,6,2010-12-01 11:41:00,1.65,United Kingdom
456,536408,20685,DOORMAT RED RETROSPOT,2,2010-12-01 11:41:00,7.95,United Kingdom
457,536408,48194,DOORMAT HEARTS,2,2010-12-01 11:41:00,7.95,United Kingdom
458,536408,22488,NATURAL SLATE RECTANGLE CHALKBOARD,12,2010-12-01 11:41:00,1.65,United Kingdom
459,536408,22219,LOVEBIRD HANGING DECORATION WHITE ,12,2010-12-01 11:41:00,0.85,United Kingdom
460,536408,84879,ASSORTED COLOUR BIRD ORNAMENT,8,2010-12-01 11:41:00,1.69,United Kingdom
461,536408,21754,HOME BUILDING BLOCK WORD,3,2010-12-01 11:41:00,5.95,United Kingdom
462,536408,21755,LOVE BUILDING BLOCK WORD,3,2010-12-01 11:41:00,5.95,United Kingdom
463,536408,22766,PHOTO FRAME CORNICE,8,2010-12-01 11:41:00,2.95,United Kingdom
464,536408,22610,PENS ASSORTED FUNNY FACE,36,2010-12-01 11:41:00,0.85,United Kingdom
465,536408,22716,CARD CIRCUS PARADE,12,2010-12-01 11:41:00,0.42,United Kingdom
466,536408,22706,WRAP COWBOYS  ,25,2010-12-01 11:41:00,0.42,United Kingdom
467,536408,22371,AIRLINE BAG VINTAGE TOKYO 78,4,2010-12-01 11:41:00,4.25,United Kingdom
468,536408,85014B,RED RETROSPOT UMBRELLA,3,2010-12-01 11:41:00,5.95,United Kingdom
469,536408,85014A,BLACK/BLUE POLKADOT UMBRELLA,3,2010-12-01 11:41:00,5.95,United Kingdom
470,536408,84997B,RED 3 PIECE RETROSPOT CUTLERY SET,6,2010-12-01 11:41:00,3.75,United Kingdom
471,536408,21212,PACK OF 72 RETROSPOT CAKE CASES,24,2010-12-01 11:41:00,0.55000000000000004,United Kingdom
472,536408,21210,SET OF 72 RETROSPOT PAPER  DOILIES,12,2010-12-01 11:41:00,1.45,United Kingdom
473,536408,22914,BLUE COAT RACK PARIS FASHION,3,2010-12-01 11:41:00,4.95,United Kingdom
474,536408,22553,PLASTERS IN TIN SKULLS,12,2010-12-01 11:41:00,1.65,United Kingdom
475,536408,16237,SLEEPING CAT ERASERS,30,2010-12-01 11:41:00,0.21,United Kingdom
476,536408,22714,CARD BIRTHDAY COWBOY,12,2010-12-01 11:41:00,0.42,United Kingdom
477,536408,22812,PACK 3 BOXES CHRISTMAS PANNETONE,12,2010-12-01 11:41:00,1.95,United Kingdom
478,536408,84347,ROTATING SILVER ANGELS T-LIGHT HLDR,6,2010-12-01 11:41:00,2.5499999999999998,United Kingdom
479,536408,21587,COSY HOUR GIANT TUBE MATCHES,12,2010-12-01 11:41:00,2.5499999999999998,United Kingdom
480,536408,22736,RIBBON REEL MAKING SNOWMEN ,10,2010-12-01 11:41:00,1.65,United Kingdom
481,536408,22492,MINI PAINT SET VINTAGE ,36,2010-12-01 11:41:00,0.65,United Kingdom
482,536408,22620,4 TRADITIONAL SPINNING TOPS,12,2010-12-01 11:41:00,1.25,United Kingdom
483,536408,22619,SET OF 6 SOLDIER SKITTLES,4,2010-12-01 11:41:00,3.75,United Kingdom
484,536408,21705,BAG 500g SWIRLY MARBLES,12,2010-12-01 11:41:00,1.65,United Kingdom
485,536409,90199C,5 STRAND GLASS NECKLACE CRYSTAL,3,2010-12-01 11:45:00,6.35,United Kingdom
486,536409,21479,WHITE SKULL HOT WATER BOTTLE ,1,2010-12-01 11:45:00,3.75,United Kingdom
487,536409,22111,SCOTTIE DOG HOT WATER BOTTLE,1,2010-12-01 11:45:00,4.95,United Kingdom
488,536409,22785,SQUARECUSHION COVER PINK UNION FLAG,1,2010-12-01 11:45:00,6.75,United Kingdom
489,536409,22975,SPACEBOY CHILDRENS EGG CUP,1,2010-12-01 11:45:00,1.25,United Kingdom
490,536409,22972,CHILDREN'S SPACEBOY MUG,1,2010-12-01 11:45:00,1.65,United Kingdom
491,536409,22866,HAND WARMER SCOTTY DOG DESIGN,1,2010-12-01 11:45:00,2.1,United Kingdom
492,536409,22568,FELTCRAFT CUSHION OWL,1,2010-12-01 11:45:00,3.75,United Kingdom
493,536409,85116,BLACK CANDELABRA T-LIGHT HOLDER,1,2010-12-01 11:45:00,2.1,United Kingdom
494,536409,22664,TOY TIDY DOLLY GIRL DESIGN,1,2010-12-01 11:45:00,2.1,United Kingdom
495,536409,21609,SET 12 LAVENDER  BOTANICAL T-LIGHTS,1,2010-12-01 11:45:00,2.95,United Kingdom
496,536409,21866,UNION JACK FLAG LUGGAGE TAG,1,2010-12-01 11:45:00,1.25,United Kingdom
497,536409,20669,RED HEART LUGGAGE TAG,1,2010-12-01 11:45:00,1.25,United Kingdom
498,536409,90129F,RED GLASS TASSLE BAG CHARM,1,2010-12-01 11:45:00,2.95,United Kingdom
499,536409,90210B,CLEAR ACRYLIC FACETED BANGLE,1,2010-12-01 11:45:00,2.95,United Kingdom
500,536409,90199C,5 STRAND GLASS NECKLACE CRYSTAL,1,2010-12-01 11:45:00,6.35,United Kingdom
501,536409,21955,DOORMAT UNION JACK GUNS AND ROSES,1,2010-12-01 11:45:00,7.95,United Kingdom
502,536409,72802C,VANILLA SCENT CANDLE JEWELLED BOX,1,2010-12-01 11:45:00,4.25,United Kingdom
503,536409,22109,FULL ENGLISH BREAKFAST PLATE,1,2010-12-01 11:45:00,3.75,United Kingdom
504,536409,85116,BLACK CANDELABRA T-LIGHT HOLDER,5,2010-12-01 11:45:00,2.1,United Kingdom
505,536409,22531,MAGIC DRAWING SLATE CIRCUS PARADE  ,1,2010-12-01 11:45:00,0.42,United Kingdom
506,536409,21811,CHRISTMAS HANGING HEART WITH BELL,1,2010-12-01 11:45:00,1.25,United Kingdom
507,536409,22183,CAKE STAND VICTORIAN FILIGREE MED,1,2010-12-01 11:45:00,6.75,United Kingdom
508,536409,21678,PAISLEY PATTERN  STICKERS,6,2010-12-01 11:45:00,0.85,United Kingdom
509,536409,21676,FLOWERS  STICKERS,6,2010-12-01 11:45:00,0.85,United Kingdom
510,536409,84625A,PINK NEW BAROQUECANDLESTICK CANDLE,1,2010-12-01 11:45:00,2.95,United Kingdom
511,536409,84625C,BLUE NEW BAROQUE CANDLESTICK CANDLE,3,2010-12-01 11:45:00,2.95,United Kingdom
512,536409,21931,JUMBO STORAGE BAG SUKI,2,2010-12-01 11:45:00,1.95,United Kingdom
513,536409,85169B,BLACK LOVE BIRD CANDLE,12,2010-12-01 11:45:00,1.25,United Kingdom
514,536409,16238,PARTY TIME PENCIL ERASERS,28,2010-12-01 11:45:00,0.21,United Kingdom
515,536409,20668,DISCO BALL CHRISTMAS DECORATION,24,2010-12-01 11:45:00,0.12,United Kingdom
516,536409,84906,PINK B'FLY C/COVER W BOBBLES,1,2010-12-01 11:45:00,5.95,United Kingdom
517,536409,21867,PINK UNION JACK  LUGGAGE TAG,1,2010-12-01 11:45:00,1.25,United Kingdom
518,536409,22075,6 RIBBONS ELEGANT CHRISTMAS ,1,2010-12-01 11:45:00,1.65,United Kingdom
519,536409,21866,UNION JACK FLAG LUGGAGE TAG,1,2010-12-01 11:45:00,1.25,United Kingdom
520,536409,21326,AGED GLASS SILVER T-LIGHT HOLDER,12,2010-12-01 11:45:00,0.65,United Kingdom
521,536409,21065,BOOM BOX SPEAKER GIRLS,1,2010-12-01 11:45:00,5.95,United Kingdom
522,536409,22074,6 RIBBONS SHIMMERING PINKS ,1,2010-12-01 11:45:00,1.65,United Kingdom
523,536409,22900, SET 2 TEA TOWELS I LOVE LONDON ,1,2010-12-01 11:45:00,2.95,United Kingdom
524,536409,20713,JUMBO BAG OWLS,1,2010-12-01 11:45:00,1.95,United Kingdom
525,536409,20966,SANDWICH BATH SPONGE,2,2010-12-01 11:45:00,1.25,United Kingdom
526,536409,21116,OWL DOORSTOP,1,2010-12-01 11:45:00,4.95,United Kingdom
527,536409,90199C,5 STRAND GLASS NECKLACE CRYSTAL,2,2010-12-01 11:45:00,6.35,United Kingdom
528,536409,22633,HAND WARMER UNION JACK,1,2010-12-01 11:45:00,2.1,United Kingdom
529,536409,22866,HAND WARMER SCOTTY DOG DESIGN,1,2010-12-01 11:45:00,2.1,United Kingdom
530,536409,22198,LARGE POPCORN HOLDER ,1,2010-12-01 11:45:00,1.65,United Kingdom
531,536409,21824,PAINTED METAL STAR WITH HOLLY BELLS,3,2010-12-01 11:45:00,1.45,United Kingdom
532,536409,21823,PAINTED METAL HEART WITH HOLLY BELL,3,2010-12-01 11:45:00,1.45,United Kingdom
533,536409,22153,ANGEL DECORATION STARS ON DRESS,6,2010-12-01 11:45:00,0.42,United Kingdom
534,536409,22197,SMALL POPCORN HOLDER,2,2010-12-01 11:45:00,0.85,United Kingdom
535,536409,85099B,JUMBO BAG RED RETROSPOT,2,2010-12-01 11:45:00,1.95,United Kingdom
536,536409,85099F,JUMBO BAG STRAWBERRY,1,2010-12-01 11:45:00,1.95,United Kingdom
537,536409,20717,STRAWBERRY SHOPPER BAG,1,2010-12-01 11:45:00,1.25,United Kingdom
538,536409,20723,STRAWBERRY CHARLOTTE BAG,1,2010-12-01 11:45:00,0.85,United Kingdom
539,536409,22900, SET 2 TEA TOWELS I LOVE LONDON ,1,2010-12-01 11:45:00,2.95,United Kingdom
540,536409,21980,PACK OF 12 RED RETROSPOT TISSUES ,12,2010-12-01 11:45:00,0.28999999999999998,United Kingdom
541,536409,22111,SCOTTIE DOG HOT WATER BOTTLE,1,2010-12-01 11:45:00,4.95,United Kingdom
542,536409,22112,CHOCOLATE HOT WATER BOTTLE,1,2010-12-01 11:45:00,4.95,United Kingdom
543,536412,20728,LUNCH BAG CARS BLUE,3,2010-12-01 11:49:00,1.65,United Kingdom
544,536412,22382,LUNCH BAG SPACEBOY DESIGN ,3,2010-12-01 11:49:00,1.65,United Kingdom
545,536412,22326,ROUND SNACK BOXES SET OF4 WOODLAND ,1,2010-12-01 11:49:00,2.95,United Kingdom
546,536412,22662,LUNCH BAG DOLLY GIRL DESIGN,4,2010-12-01 11:49:00,1.65,United Kingdom
547,536412,22383,LUNCH BAG SUKI  DESIGN ,3,2010-12-01 11:49:00,1.65,United Kingdom
548,536412,20727,LUNCH BAG  BLACK SKULL.,3,2010-12-01 11:49:00,1.65,United Kingdom
549,536412,22328,ROUND SNACK BOXES SET OF 4 FRUITS ,1,2010-12-01 11:49:00,2.95,United Kingdom
550,536412,22327,ROUND SNACK BOXES SET OF 4 SKULLS,1,2010-12-01 11:49:00,2.95,United Kingdom
551,536412,22630,DOLLY GIRL LUNCH BOX,1,2010-12-01 11:49:00,1.95,United Kingdom
552,536412,22629,SPACEBOY LUNCH BOX ,1,2010-12-01 11:49:00,1.95,United Kingdom
553,536412,21245,GREEN POLKADOT PLATE ,1,2010-12-01 11:49:00,1.69,United Kingdom
554,536412,21244,BLUE POLKADOT PLATE ,1,2010-12-01 11:49:00,1.69,United Kingdom
555,536412,21242,RED RETROSPOT PLATE ,1,2010-12-01 11:49:00,1.69,United Kingdom
556,536412,21243,PINK  POLKADOT PLATE ,1,2010-12-01 11:49:00,1.69,United Kingdom
557,536412,22327,ROUND SNACK BOXES SET OF 4 SKULLS,1,2010-12-01 11:49:00,2.95,United Kingdom
558,536412,22273,FELTCRAFT DOLL MOLLY,1,2010-12-01 11:49:00,2.95,United Kingdom
559,536412,22940,FELTCRAFT CHRISTMAS FAIRY,3,2010-12-01 11:49:00,4.25,United Kingdom
560,536412,22652,TRAVEL SEWING KIT,5,2010-12-01 11:49:00,1.65,United Kingdom
561,536412,22759,SET OF 3 NOTEBOOKS IN PARCEL,1,2010-12-01 11:49:00,1.65,United Kingdom
562,536412,21880,RED RETROSPOT TAPE,10,2010-12-01 11:49:00,0.65,United Kingdom
563,536412,21738,COSY SLIPPER SHOES SMALL  RED ,1,2010-12-01 11:49:00,2.95,United Kingdom
564,536412,22077,6 RIBBONS RUSTIC CHARM,1,2010-12-01 11:49:00,1.65,United Kingdom
565,536412,85049E,SCANDINAVIAN REDS RIBBONS,3,2010-12-01 11:49:00,1.25,United Kingdom
566,536412,22961,JAM MAKING SET PRINTED,24,2010-12-01 11:49:00,1.45,United Kingdom
567,536412,21448,12 DAISY PEGS IN WOOD BOX,2,2010-12-01 11:49:00,1.65,United Kingdom
568,536412,22837,HOT WATER BOTTLE BABUSHKA ,3,2010-12-01 11:49:00,4.6500000000000004,United Kingdom
569,536412,22749,FELTCRAFT PRINCESS CHARLOTTE DOLL,2,2010-12-01 11:49:00,3.75,United Kingdom
570,536412,22940,FELTCRAFT CHRISTMAS FAIRY,1,2010-12-01 11:49:00,4.25,United Kingdom
571,536412,22749,FELTCRAFT PRINCESS CHARLOTTE DOLL,1,2010-12-01 11:49:00,3.75,United Kingdom
572,536412,22077,6 RIBBONS RUSTIC CHARM,2,2010-12-01 11:49:00,1.65,United Kingdom
573,536412,21738,COSY SLIPPER SHOES SMALL  RED ,2,2010-12-01 11:49:00,2.95,United Kingdom
574,536412,85049E,SCANDINAVIAN REDS RIBBONS,1,2010-12-01 11:49:00,1.25,United Kingdom
575,536412,22243,5 HOOK HANGER RED MAGIC TOADSTOOL,6,2010-12-01 11:49:00,1.65,United Kingdom
576,536412,22141,CHRISTMAS CRAFT TREE TOP ANGEL,1,2010-12-01 11:49:00,2.1,United Kingdom
577,536412,22144,CHRISTMAS CRAFT LITTLE FRIENDS,2,2010-12-01 11:49:00,2.1,United Kingdom
578,536412,22243,5 HOOK HANGER RED MAGIC TOADSTOOL,3,2010-12-01 11:49:00,1.65,United Kingdom
579,536412,22077,6 RIBBONS RUSTIC CHARM,7,2010-12-01 11:49:00,1.65,United Kingdom
580,536412,21448,12 DAISY PEGS IN WOOD BOX,1,2010-12-01 11:49:00,1.65,United Kingdom
581,536412,22759,SET OF 3 NOTEBOOKS IN PARCEL,5,2010-12-01 11:49:00,1.65,United Kingdom
582,536412,22242,5 HOOK HANGER MAGIC TOADSTOOL,5,2010-12-01 11:49:00,1.65,United Kingdom
583,536412,85049E,SCANDINAVIAN REDS RIBBONS,12,2010-12-01 11:49:00,1.25,United Kingdom
584,536412,21731,RED TOADSTOOL LED NIGHT LIGHT,5,2010-12-01 11:49:00,1.65,United Kingdom
585,536412,22243,5 HOOK HANGER RED MAGIC TOADSTOOL,1,2010-12-01 11:49:00,1.65,United Kingdom
586,536412,21739,COSY SLIPPER SHOES SMALL GREEN,2,2010-12-01 11:49:00,2.95,United Kingdom
587,536412,21738,COSY SLIPPER SHOES SMALL  RED ,5,2010-12-01 11:49:00,2.95,United Kingdom
588,536412,22271,FELTCRAFT DOLL ROSIE,2,2010-12-01 11:49:00,2.95,United Kingdom
589,536412,22273,FELTCRAFT DOLL MOLLY,1,2010-12-01 11:49:00,2.95,United Kingdom
590,536412,22274,FELTCRAFT DOLL EMILY,2,2010-12-01 11:49:00,2.95,United Kingdom
591,536412,22749,FELTCRAFT PRINCESS CHARLOTTE DOLL,1,2010-12-01 11:49:00,3.75,United Kingdom
592,536412,22751,FELTCRAFT PRINCESS OLIVIA DOLL,2,2010-12-01 11:49:00,3.75,United Kingdom
593,536412,21034,REX CASH+CARRY JUMBO SHOPPER,1,2010-12-01 11:49:00,0.95,United Kingdom
594,536412,22273,FELTCRAFT DOLL MOLLY,2,2010-12-01 11:49:00,2.95,United Kingdom
595,536412,22568,FELTCRAFT CUSHION OWL,3,2010-12-01 11:49:00,3.75,United Kingdom
596,536412,22141,CHRISTMAS CRAFT TREE TOP ANGEL,1,2010-12-01 11:49:00,2.1,United Kingdom
597,536412,22144,CHRISTMAS CRAFT LITTLE FRIENDS,1,2010-12-01 11:49:00,2.1,United Kingdom
598,536412,22570,FELTCRAFT CUSHION RABBIT,3,2010-12-01 11:49:00,3.75,United Kingdom
599,536412,22569,FELTCRAFT CUSHION BUTTERFLY,2,2010-12-01 11:49:00,3.75,United Kingdom
600,536412,21448,12 DAISY PEGS IN WOOD BOX,1,2010-12-01 11:49:00,1.65,United Kingdom
601,536412,22086,PAPER CHAIN KIT 50'S CHRISTMAS ,1,2010-12-01 11:49:00,2.95,United Kingdom
602,536412,22569,FELTCRAFT CUSHION BUTTERFLY,2,2010-12-01 11:49:00,3.75,United Kingdom
603,536412,21448,12 DAISY PEGS IN WOOD BOX,2,2010-12-01 11:49:00,1.65,United Kingdom
604,536412,22968,ROSE COTTAGE KEEPSAKE BOX ,4,2010-12-01 11:49:00,9.9499999999999993,United Kingdom
605,536412,22902,TOTE BAG I LOVE LONDON,7,2010-12-01 11:49:00,2.1,United Kingdom
606,536412,21448,12 DAISY PEGS IN WOOD BOX,2,2010-12-01 11:49:00,1.65,United Kingdom
607,536412,22902,TOTE BAG I LOVE LONDON,7,2010-12-01 11:49:00,2.1,United Kingdom
608,536412,21710,FOLDING UMBRELLA PINKWHITE POLKADOT,1,2010-12-01 11:49:00,4.95,United Kingdom
609,536412,21708,FOLDING UMBRELLA CREAM POLKADOT,1,2010-12-01 11:49:00,4.95,United Kingdom
610,536412,21711,FOLDING UMBRELLA WHITE/RED POLKADOT,1,2010-12-01 11:49:00,4.95,United Kingdom
611,536412,22179,SET 10 LIGHTS NIGHT OWL,2,2010-12-01 11:49:00,6.75,United Kingdom
612,536412,22197,SMALL POPCORN HOLDER,5,2010-12-01 11:49:00,0.85,United Kingdom
613,536412,22900, SET 2 TEA TOWELS I LOVE LONDON ,2,2010-12-01 11:49:00,2.95,United Kingdom
614,536412,21706,FOLDING UMBRELLA RED/WHITE POLKADOT,1,2010-12-01 11:49:00,4.95,United Kingdom
615,536412,22468,BABUSHKA LIGHTS STRING OF 10,2,2010-12-01 11:49:00,6.75,United Kingdom
616,536412,20725,LUNCH BAG RED RETROSPOT,1,2010-12-01 11:49:00,1.65,United Kingdom
617,536412,85184C,S/4 VALENTINE DECOUPAGE HEART BOX,1,2010-12-01 11:49:00,2.95,United Kingdom
618,536412,21708,FOLDING UMBRELLA CREAM POLKADOT,1,2010-12-01 11:49:00,4.95,United Kingdom
619,536412,22900, SET 2 TEA TOWELS I LOVE LONDON ,2,2010-12-01 11:49:00,2.95,United Kingdom
620,536412,21706,FOLDING UMBRELLA RED/WHITE POLKADOT,1,2010-12-01 11:49:00,4.95,United Kingdom
621,536412,22988,SOLDIERS EGG CUP ,6,2010-12-01 11:49:00,1.25,United Kingdom
622,536412,85184C,S/4 VALENTINE DECOUPAGE HEART BOX,1,2010-12-01 11:49:00,2.95,United Kingdom
623,536412,20750,RED RETROSPOT MINI CASES,1,2010-12-01 11:49:00,7.95,United Kingdom
624,536414,22139,,56,2010-12-01 11:52:00,0,United Kingdom
625,536415,22952,60 CAKE CASES VINTAGE CHRISTMAS,10,2010-12-01 11:57:00,0.55000000000000004,United Kingdom
626,536415,22910,PAPER CHAIN KIT VINTAGE CHRISTMAS,5,2010-12-01 11:57:00,2.95,United Kingdom
627,536415,22739,RIBBON REEL CHRISTMAS SOCK BAUBLE,3,2010-12-01 11:57:00,1.65,United Kingdom
628,536415,22738,RIBBON REEL SNOWY VILLAGE,3,2010-12-01 11:57:00,1.65,United Kingdom
629,536415,22736,RIBBON REEL MAKING SNOWMEN ,3,2010-12-01 11:57:00,1.65,United Kingdom
630,536415,22909,SET OF 20 VINTAGE CHRISTMAS NAPKINS,5,2010-12-01 11:57:00,0.85,United Kingdom
631,536415,35591T,TURQUOISE CHRISTMAS TREE ,2,2010-12-01 11:57:00,1.25,United Kingdom
632,536415,22186,RED STAR CARD HOLDER,5,2010-12-01 11:57:00,2.95,United Kingdom
633,536415,22695,WICKER WREATH SMALL,3,2010-12-01 11:57:00,1.45,United Kingdom
634,536415,22470,HEART OF WICKER LARGE,1,2010-12-01 11:57:00,2.95,United Kingdom
635,536415,22580,ADVENT CALENDAR GINGHAM SACK,1,2010-12-01 11:57:00,5.95,United Kingdom
636,536415,22469,HEART OF WICKER SMALL,5,2010-12-01 11:57:00,1.65,United Kingdom
637,536415,22147,FELTCRAFT BUTTERFLY HEARTS,4,2010-12-01 11:57:00,1.45,United Kingdom
638,536415,22130,PARTY CONE CHRISTMAS DECORATION ,6,2010-12-01 11:57:00,0.85,United Kingdom
639,536415,21791,VINTAGE HEADS AND TAILS CARD GAME ,3,2010-12-01 11:57:00,1.25,United Kingdom
640,536415,22694,WICKER STAR ,5,2010-12-01 11:57:00,2.1,United Kingdom
641,536415,21790,VINTAGE SNAP CARDS,3,2010-12-01 11:57:00,0.85,United Kingdom
642,536415,22149,FELTCRAFT 6 FLOWER FRIENDS,4,2010-12-01 11:57:00,2.1,United Kingdom
643,536415,22900, SET 2 TEA TOWELS I LOVE LONDON ,3,2010-12-01 11:57:00,2.95,United Kingdom
644,536415,22961,JAM MAKING SET PRINTED,3,2010-12-01 11:57:00,1.45,United Kingdom
645,536415,22321,BIRD DECORATION RED RETROSPOT,12,2010-12-01 11:57:00,0.85,United Kingdom
646,536415,22594,CHRISTMAS GINGHAM TREE,5,2010-12-01 11:57:00,0.85,United Kingdom
647,536415,22593,CHRISTMAS GINGHAM STAR,4,2010-12-01 11:57:00,0.85,United Kingdom
648,536415,22595,CHRISTMAS GINGHAM HEART,6,2010-12-01 11:57:00,0.85,United Kingdom
649,536415,21986,PACK OF 12 PINK POLKADOT TISSUES,12,2010-12-01 11:57:00,0.28999999999999998,United Kingdom
650,536415,22750,FELTCRAFT PRINCESS LOLA DOLL,2,2010-12-01 11:57:00,3.75,United Kingdom
651,536415,22616,PACK OF 12 LONDON TISSUES ,12,2010-12-01 11:57:00,0.28999999999999998,United Kingdom
652,536415,22775,PURPLE DRAWERKNOB ACRYLIC EDWARDIAN,1,2010-12-01 11:57:00,1.25,United Kingdom
653,536415,22899,CHILDREN'S APRON DOLLY GIRL ,2,2010-12-01 11:57:00,2.1,United Kingdom
654,536415,22367,CHILDRENS APRON SPACEBOY DESIGN,3,2010-12-01 11:57:00,1.95,United Kingdom
655,536415,22942,CHRISTMAS LIGHTS 10 SANTAS ,3,2010-12-01 11:57:00,8.5,United Kingdom
656,536415,22941,CHRISTMAS LIGHTS 10 REINDEER,3,2010-12-01 11:57:00,8.5,United Kingdom
657,536415,22086,PAPER CHAIN KIT 50'S CHRISTMAS ,6,2010-12-01 11:57:00,2.95,United Kingdom
658,536415,22940,FELTCRAFT CHRISTMAS FAIRY,2,2010-12-01 11:57:00,4.25,United Kingdom
659,536415,21212,PACK OF 72 RETROSPOT CAKE CASES,2,2010-12-01 11:57:00,0.55000000000000004,United Kingdom
660,536415,21976,PACK OF 60 MUSHROOM CAKE CASES,2,2010-12-01 11:57:00,0.55000000000000004,United Kingdom
661,536415,22951,60 CAKE CASES DOLLY GIRL DESIGN,2,2010-12-01 11:57:00,0.55000000000000004,United Kingdom
662,536415,21977,PACK OF 60 PINK PAISLEY CAKE CASES,3,2010-12-01 11:57:00,0.55000000000000004,United Kingdom
663,536415,22834,HAND WARMER BABUSHKA DESIGN,3,2010-12-01 11:57:00,2.1,United Kingdom
664,536415,22867,HAND WARMER BIRD DESIGN,3,2010-12-01 11:57:00,2.1,United Kingdom
665,536415,22865,HAND WARMER OWL DESIGN,3,2010-12-01 11:57:00,2.1,United Kingdom
666,536415,22632,HAND WARMER RED RETROSPOT,3,2010-12-01 11:57:00,2.1,United Kingdom
667,536415,21916,SET 12 RETRO WHITE CHALK STICKS,2,2010-12-01 11:57:00,0.42,United Kingdom
668,536415,22587,FELTCRAFT HAIRBAND RED AND BLUE,4,2010-12-01 11:57:00,0.85,United Kingdom
669,536415,22566,FELTCRAFT HAIRBAND PINK AND PURPLE,3,2010-12-01 11:57:00,0.85,United Kingdom
670,536415,22565,FELTCRAFT HAIRBANDS PINK AND WHITE ,3,2010-12-01 11:57:00,0.85,United Kingdom
671,536415,22472,TV DINNER TRAY DOLLY GIRL,2,2010-12-01 11:57:00,4.95,United Kingdom
672,536415,22557,PLASTERS IN TIN VINTAGE PAISLEY ,3,2010-12-01 11:57:00,1.65,United Kingdom
673,536415,22551,PLASTERS IN TIN SPACEBOY,3,2010-12-01 11:57:00,1.65,United Kingdom
674,536415,22554,PLASTERS IN TIN WOODLAND ANIMALS,3,2010-12-01 11:57:00,1.65,United Kingdom
675,536415,22534,MAGIC DRAWING SLATE SPACEBOY ,3,2010-12-01 11:57:00,0.42,United Kingdom
676,536415,22531,MAGIC DRAWING SLATE CIRCUS PARADE  ,3,2010-12-01 11:57:00,0.42,United Kingdom
677,536415,22529,MAGIC DRAWING SLATE GO TO THE FAIR ,3,2010-12-01 11:57:00,0.42,United Kingdom
678,536415,22530,MAGIC DRAWING SLATE DOLLY GIRL ,3,2010-12-01 11:57:00,0.42,United Kingdom
679,536415,84032B,CHARLIE + LOLA RED HOT WATER BOTTLE,3,2010-12-01 11:57:00,2.95,United Kingdom
680,536415,22837,HOT WATER BOTTLE BABUSHKA ,3,2010-12-01 11:57:00,4.6500000000000004,United Kingdom
681,536415,85049H,URBAN BLACK RIBBONS ,2,2010-12-01 11:57:00,1.25,United Kingdom
682,536415,22749,FELTCRAFT PRINCESS CHARLOTTE DOLL,2,2010-12-01 11:57:00,3.75,United Kingdom
683,536415,22807,SET OF 6 T-LIGHTS TOADSTOOLS,12,2010-12-01 11:57:00,2.95,United Kingdom
684,536416,21494,ROTATING LEAVES T-LIGHT HOLDER,12,2010-12-01 11:58:00,1.25,United Kingdom
685,536416,21915,RED  HARMONICA IN BOX ,72,2010-12-01 11:58:00,1.25,United Kingdom
686,536416,22938,CUPCAKE LACE PAPER SET 6,12,2010-12-01 11:58:00,1.95,United Kingdom
687,536416,22768,FAMILY PHOTO FRAME CORNICE,4,2010-12-01 11:58:00,9.9499999999999993,United Kingdom
688,536416,22767,TRIPLE PHOTO FRAME CORNICE ,4,2010-12-01 11:58:00,9.9499999999999993,United Kingdom
689,536416,82494L,WOODEN FRAME ANTIQUE WHITE ,6,2010-12-01 11:58:00,2.95,United Kingdom
690,536420,21889,WOODEN BOX OF DOMINOES,12,2010-12-01 12:03:00,1.25,United Kingdom
691,536420,21892,TRADITIONAL WOODEN CATCH CUP GAME ,12,2010-12-01 12:03:00,1.25,United Kingdom
692,536420,21891,TRADITIONAL WOODEN SKIPPING ROPE,12,2010-12-01 12:03:00,1.25,United Kingdom
693,536420,21890,S/6 WOODEN SKITTLES IN COTTON BAG,6,2010-12-01 12:03:00,2.95,United Kingdom
694,536420,21718,RED METAL BEACH SPADE ,12,2010-12-01 12:03:00,1.25,United Kingdom
695,536420,21716,BOYS VINTAGE TIN SEASIDE BUCKET,8,2010-12-01 12:03:00,2.5499999999999998,United Kingdom
696,536420,21715,GIRLS VINTAGE TIN SEASIDE BUCKET,8,2010-12-01 12:03:00,2.5499999999999998,United Kingdom
697,536420,22113,GREY HEART HOT WATER BOTTLE,4,2010-12-01 12:03:00,3.75,United Kingdom
698,536420,22111,SCOTTIE DOG HOT WATER BOTTLE,3,2010-12-01 12:03:00,4.95,United Kingdom
699,536420,22110,BIRD HOUSE HOT WATER BOTTLE,6,2010-12-01 12:03:00,2.5499999999999998,United Kingdom
700,536420,22358,KINGS CHOICE TEA CADDY ,6,2010-12-01 12:03:00,2.95,United Kingdom
701,536420,22357,KINGS CHOICE BISCUIT TIN,4,2010-12-01 12:03:00,4.25,United Kingdom
702,536420,22115,METAL SIGN EMPIRE TEA,6,2010-12-01 12:03:00,2.95,United Kingdom
703,536420,22969,HOMEMADE JAM SCENTED CANDLES,12,2010-12-01 12:03:00,1.45,United Kingdom
704,536423,22619,SET OF 6 SOLDIER SKITTLES,4,2010-12-01 12:08:00,3.75,United Kingdom
705,536423,21481,FAWN BLUE HOT WATER BOTTLE,6,2010-12-01 12:08:00,2.95,United Kingdom
706,536423,22632,HAND WARMER RED RETROSPOT,12,2010-12-01 12:08:00,2.1,United Kingdom
707,536423,22837,HOT WATER BOTTLE BABUSHKA ,8,2010-12-01 12:08:00,4.6500000000000004,United Kingdom
708,536423,21479,WHITE SKULL HOT WATER BOTTLE ,8,2010-12-01 12:08:00,3.75,United Kingdom
709,536423,21485,RETROSPOT HEART HOT WATER BOTTLE,8,2010-12-01 12:08:00,4.95,United Kingdom
710,536423,84029E,RED WOOLLY HOTTIE WHITE HEART.,8,2010-12-01 12:08:00,3.75,United Kingdom
711,536423,22111,SCOTTIE DOG HOT WATER BOTTLE,16,2010-12-01 12:08:00,4.95,United Kingdom
712,536423,22113,GREY HEART HOT WATER BOTTLE,8,2010-12-01 12:08:00,3.75,United Kingdom
713,536425,22837,HOT WATER BOTTLE BABUSHKA ,8,2010-12-01 12:08:00,4.6500000000000004,United Kingdom
714,536425,22585,PACK OF 6 BIRDY GIFT TAGS,12,2010-12-01 12:08:00,1.25,United Kingdom
715,536425,79321,CHILLI LIGHTS,8,2010-12-01 12:08:00,4.95,United Kingdom
716,536425,22637,PIGGY BANK RETROSPOT ,12,2010-12-01 12:08:00,2.5499999999999998,United Kingdom
717,536425,21556,CERAMIC STRAWBERRY MONEY BOX,6,2010-12-01 12:08:00,2.5499999999999998,United Kingdom
718,536425,22646,CERAMIC STRAWBERRY CAKE MONEY BANK,12,2010-12-01 12:08:00,1.45,United Kingdom
719,536425,22644,CERAMIC CHERRY CAKE MONEY BANK,12,2010-12-01 12:08:00,1.45,United Kingdom
720,536425,22645,CERAMIC HEART FAIRY CAKE MONEY BANK,12,2010-12-01 12:08:00,1.45,United Kingdom
721,536425,22650,CERAMIC PIRATE CHEST MONEY BANK,12,2010-12-01 12:08:00,1.45,United Kingdom
722,536425,22508,DOORSTOP RETROSPOT HEART,8,2010-12-01 12:08:00,3.75,United Kingdom
723,536425,21411,GINGHAM HEART  DOORSTOP RED,3,2010-12-01 12:08:00,4.25,United Kingdom
724,536425,22511,RETROSPOT BABUSHKA DOORSTOP,4,2010-12-01 12:08:00,3.75,United Kingdom
725,536425,22451,SILK PURSE BABUSHKA RED,6,2010-12-01 12:08:00,3.35,United Kingdom
726,536425,22449,SILK PURSE BABUSHKA PINK,6,2010-12-01 12:08:00,3.35,United Kingdom
727,536425,22768,FAMILY PHOTO FRAME CORNICE,2,2010-12-01 12:08:00,9.9499999999999993,United Kingdom
728,536425,22829,SWEETHEART WIRE WALL TIDY,2,2010-12-01 12:08:00,9.9499999999999993,United Kingdom
729,536425,22961,JAM MAKING SET PRINTED,12,2010-12-01 12:08:00,1.45,United Kingdom
730,536437,21154,RED RETROSPOT OVEN GLOVE ,200,2010-12-01 12:12:00,1.06,United Kingdom
731,536437,22189,CREAM HEART CARD HOLDER,72,2010-12-01 12:12:00,3.39,United Kingdom
732,536437,17021,NAMASTE SWAGAT INCENSE,600,2010-12-01 12:12:00,0.24,United Kingdom
733,536437,22059,CERAMIC STRAWBERRY DESIGN MUG,48,2010-12-01 12:12:00,1.25,United Kingdom
734,536437,22188,BLACK HEART CARD HOLDER,36,2010-12-01 12:12:00,3.39,United Kingdom
735,536437,84678,CLASSICAL ROSE SMALL VASE,48,2010-12-01 12:12:00,1.25,United Kingdom
736,536446,85172,HYACINTH BULB T-LIGHT CANDLES,32,2010-12-01 12:15:00,0.42,United Kingdom
737,536446,22142,CHRISTMAS CRAFT WHITE FAIRY ,2,2010-12-01 12:15:00,1.45,United Kingdom
738,536446,22144,CHRISTMAS CRAFT LITTLE FRIENDS,2,2010-12-01 12:15:00,2.1,United Kingdom
739,536446,21591,COSY HOUR CIGAR BOX MATCHES ,6,2010-12-01 12:15:00,1.25,United Kingdom
740,536446,22480,RED TEA TOWEL CLASSIC DESIGN,12,2010-12-01 12:15:00,1.25,United Kingdom
741,536446,22294,HEART FILIGREE DOVE  SMALL,48,2010-12-01 12:15:00,1.25,United Kingdom
742,536446,21156,RETROSPOT CHILDRENS APRON,1,2010-12-01 12:15:00,1.95,United Kingdom
743,536446,10133,COLOURING PENCILS BROWN TUBE,5,2010-12-01 12:15:00,0.85,United Kingdom
744,536446,72800E,4 IVORY DINNER CANDLES SILVER FLOCK,6,2010-12-01 12:15:00,2.5499999999999998,United Kingdom
745,536446,22294,HEART FILIGREE DOVE  SMALL,24,2010-12-01 12:15:00,1.25,United Kingdom
746,536446,84836,ZINC METAL HEART DECORATION,12,2010-12-01 12:15:00,1.25,United Kingdom
747,536446,20774,GREEN FERN NOTEBOOK,2,2010-12-01 12:15:00,1.65,United Kingdom
748,536446,20773,BLUE PAISLEY NOTEBOOK,2,2010-12-01 12:15:00,1.65,United Kingdom
749,536446,20777,CHRYSANTHEMUM NOTEBOOK,2,2010-12-01 12:15:00,1.65,United Kingdom
750,536446,16016,LARGE CHINESE STYLE SCISSOR,10,2010-12-01 12:15:00,0.85,United Kingdom
751,536446,16014,SMALL CHINESE STYLE SCISSOR,10,2010-12-01 12:15:00,0.42,United Kingdom
752,536446,21890,S/6 WOODEN SKITTLES IN COTTON BAG,2,2010-12-01 12:15:00,2.95,United Kingdom
753,536446,21891,TRADITIONAL WOODEN SKIPPING ROPE,2,2010-12-01 12:15:00,1.25,United Kingdom
754,536446,22619,SET OF 6 SOLDIER SKITTLES,8,2010-12-01 12:15:00,3.75,United Kingdom
755,536446,22620,4 TRADITIONAL SPINNING TOPS,6,2010-12-01 12:15:00,1.25,United Kingdom
756,536446,84347,ROTATING SILVER ANGELS T-LIGHT HLDR,12,2010-12-01 12:15:00,2.5499999999999998,United Kingdom
757,536446,85169B,BLACK LOVE BIRD CANDLE,24,2010-12-01 12:15:00,1.25,United Kingdom
758,536446,21156,RETROSPOT CHILDRENS APRON,3,2010-12-01 12:15:00,1.95,United Kingdom
759,536446,21651,HANGING GLASS ETCHED TEALIGHT,6,2010-12-01 12:15:00,1.65,United Kingdom
760,536446,21651,HANGING GLASS ETCHED TEALIGHT,6,2010-12-01 12:15:00,1.65,United Kingdom
761,536446,84625C,BLUE NEW BAROQUE CANDLESTICK CANDLE,10,2010-12-01 12:15:00,2.95,United Kingdom
762,536446,22618,COOKING SET RETROSPOT,2,2010-12-01 12:15:00,9.9499999999999993,United Kingdom
763,536446,21586,KINGS CHOICE GIANT TUBE MATCHES,4,2010-12-01 12:15:00,2.5499999999999998,United Kingdom
764,536446,21587,COSY HOUR GIANT TUBE MATCHES,4,2010-12-01 12:15:00,2.5499999999999998,United Kingdom
765,536446,22152,PLACE SETTING WHITE STAR,24,2010-12-01 12:15:00,0.42,United Kingdom
766,536446,85172,HYACINTH BULB T-LIGHT CANDLES,16,2010-12-01 12:15:00,0.42,United Kingdom
767,536446,84754,S/15 SILVER GLASS BAUBLES IN BAG,24,2010-12-01 12:15:00,1.25,United Kingdom
768,536460,22670,FRENCH WC SIGN BLUE METAL,12,2010-12-01 12:22:00,1.25,United Kingdom
769,536460,21586,KINGS CHOICE GIANT TUBE MATCHES,12,2010-12-01 12:22:00,2.5499999999999998,United Kingdom
770,536460,84992,72 SWEETHEART FAIRY CAKE CASES,24,2010-12-01 12:22:00,0.55000000000000004,United Kingdom
771,536460,84879,ASSORTED COLOUR BIRD ORNAMENT,24,2010-12-01 12:22:00,1.69,United Kingdom
772,536460,84849B,FAIRY SOAP SOAP HOLDER,12,2010-12-01 12:22:00,1.69,United Kingdom
773,536460,22927,GREEN GIANT GARDEN THERMOMETER,2,2010-12-01 12:22:00,5.95,United Kingdom
774,536460,22926,IVORY GIANT GARDEN THERMOMETER,4,2010-12-01 12:22:00,5.95,United Kingdom
775,536460,22925,BLUE GIANT GARDEN THERMOMETER,2,2010-12-01 12:22:00,5.95,United Kingdom
776,536460,21977,PACK OF 60 PINK PAISLEY CAKE CASES,24,2010-12-01 12:22:00,0.55000000000000004,United Kingdom
777,536460,21485,RETROSPOT HEART HOT WATER BOTTLE,6,2010-12-01 12:22:00,4.95,United Kingdom
778,536460,21484,CHICK GREY HOT WATER BOTTLE,8,2010-12-01 12:22:00,3.45,United Kingdom
779,536460,21259,VICTORIAN SEWING BOX SMALL ,2,2010-12-01 12:22:00,5.95,United Kingdom
780,536460,21257,VICTORIAN SEWING BOX MEDIUM,2,2010-12-01 12:22:00,7.95,United Kingdom
781,536460,21121,SET/10 RED POLKADOT PARTY CANDLES,24,2010-12-01 12:22:00,1.25,United Kingdom
782,536463,82552,WASHROOM METAL SIGN,12,2010-12-01 12:22:00,1.45,United Kingdom
783,536464,90200B,BLACK SWEETHEART BRACELET,2,2010-12-01 12:23:00,4.25,United Kingdom
784,536464,90059B,DIAMANTE HAIR GRIP PACK/2 BLACK DIA,2,2010-12-01 12:23:00,1.65,United Kingdom
785,536464,90185C,BLACK DIAMANTE EXPANDABLE RING,2,2010-12-01 12:23:00,4.25,United Kingdom
786,536464,90059E,DIAMANTE HAIR GRIP PACK/2 RUBY,3,2010-12-01 12:23:00,1.65,United Kingdom
787,536464,90059C,DIAMANTE HAIR GRIP PACK/2 MONTANA,1,2010-12-01 12:23:00,1.65,United Kingdom
788,536464,90200C,BLUE SWEETHEART BRACELET,1,2010-12-01 12:23:00,4.25,United Kingdom
789,536464,90200D,PINK SWEETHEART BRACELET,3,2010-12-01 12:23:00,4.25,United Kingdom
790,536464,90200A,PURPLE SWEETHEART BRACELET,1,2010-12-01 12:23:00,4.25,United Kingdom
791,536464,22386,JUMBO BAG PINK POLKADOT,1,2010-12-01 12:23:00,1.95,United Kingdom
792,536464,85099B,JUMBO BAG RED RETROSPOT,1,2010-12-01 12:23:00,1.95,United Kingdom
793,536464,84879,ASSORTED COLOUR BIRD ORNAMENT,8,2010-12-01 12:23:00,1.69,United Kingdom
794,536464,22086,PAPER CHAIN KIT 50'S CHRISTMAS ,1,2010-12-01 12:23:00,2.95,United Kingdom
795,536464,22737,RIBBON REEL CHRISTMAS PRESENT ,1,2010-12-01 12:23:00,1.65,United Kingdom
796,536464,21260,FIRST AID TIN,1,2010-12-01 12:23:00,3.25,United Kingdom
797,536464,22744,MAKE YOUR OWN MONSOON CARD KIT,2,2010-12-01 12:23:00,2.95,United Kingdom
798,536464,21985,PACK OF 12 HEARTS DESIGN TISSUES ,1,2010-12-01 12:23:00,0.28999999999999998,United Kingdom
799,536464,21980,PACK OF 12 RED RETROSPOT TISSUES ,1,2010-12-01 12:23:00,0.28999999999999998,United Kingdom
800,536464,22988,SOLDIERS EGG CUP ,1,2010-12-01 12:23:00,1.25,United Kingdom
801,536464,22297,HEART IVORY TRELLIS SMALL,1,2010-12-01 12:23:00,1.25,United Kingdom
802,536464,22294,HEART FILIGREE DOVE  SMALL,1,2010-12-01 12:23:00,1.25,United Kingdom
803,536464,22295,HEART FILIGREE DOVE LARGE,1,2010-12-01 12:23:00,1.65,United Kingdom
804,536464,22813,PACK 3 BOXES BIRD PANNETONE ,2,2010-12-01 12:23:00,1.95,United Kingdom
805,536464,22812,PACK 3 BOXES CHRISTMAS PANNETONE,6,2010-12-01 12:23:00,1.95,United Kingdom
806,536464,22197,SMALL POPCORN HOLDER,5,2010-12-01 12:23:00,0.85,United Kingdom
807,536464,21977,PACK OF 60 PINK PAISLEY CAKE CASES,1,2010-12-01 12:23:00,0.55000000000000004,United Kingdom
808,536464,22619,SET OF 6 SOLDIER SKITTLES,1,2010-12-01 12:23:00,3.75,United Kingdom
809,536464,16258A,SWIRLY CIRCULAR RUBBERS IN BAG,1,2010-12-01 12:23:00,0.42,United Kingdom
810,536464,21992,VINTAGE PAISLEY STATIONERY SET,1,2010-12-01 12:23:00,2.95,United Kingdom
811,536464,22910,PAPER CHAIN KIT VINTAGE CHRISTMAS,1,2010-12-01 12:23:00,2.95,United Kingdom
812,536464,21124,SET/10 BLUE POLKADOT PARTY CANDLES,1,2010-12-01 12:23:00,1.25,United Kingdom
813,536464,22735,RIBBON REEL SOCKS AND MITTENS,2,2010-12-01 12:23:00,1.65,United Kingdom
814,536464,22952,60 CAKE CASES VINTAGE CHRISTMAS,2,2010-12-01 12:23:00,0.55000000000000004,United Kingdom
815,536464,22945,CHRISTMAS METAL TAGS ASSORTED ,6,2010-12-01 12:23:00,0.85,United Kingdom
816,536464,21816,CHRISTMAS TREE T-LIGHT HOLDER,2,2010-12-01 12:23:00,1.45,United Kingdom
817,536464,21815,STAR  T-LIGHT HOLDER ,4,2010-12-01 12:23:00,1.45,United Kingdom
818,536464,21814,HEART T-LIGHT HOLDER ,2,2010-12-01 12:23:00,1.45,United Kingdom
819,536464,10125,MINI FUNKY DESIGN TAPES,2,2010-12-01 12:23:00,0.85,United Kingdom
820,536464,22810,SET OF 6 T-LIGHTS SNOWMEN,1,2010-12-01 12:23:00,2.95,United Kingdom
821,536464,22573,STAR WOODEN CHRISTMAS DECORATION,1,2010-12-01 12:23:00,0.85,United Kingdom
822,536464,22577,WOODEN HEART CHRISTMAS SCANDINAVIAN,1,2010-12-01 12:23:00,0.85,United Kingdom
823,536464,22603,CHRISTMAS RETROSPOT TREE WOOD,2,2010-12-01 12:23:00,0.85,United Kingdom
824,536464,22809,SET OF 6 T-LIGHTS SANTA,1,2010-12-01 12:23:00,2.95,United Kingdom
825,536464,20878,SET/9 CHRISTMAS T-LIGHTS SCENTED ,1,2010-12-01 12:23:00,1.25,United Kingdom
826,536464,20866,BLUE ROSE FABRIC MIRROR,1,2010-12-01 12:23:00,1.25,United Kingdom
827,536464,85095,THREE CANVAS LUGGAGE TAGS,1,2010-12-01 12:23:00,1.95,United Kingdom
828,536464,22333,RETROSPOT PARTY BAG + STICKER SET,1,2010-12-01 12:23:00,1.65,United Kingdom
829,536464,22557,PLASTERS IN TIN VINTAGE PAISLEY ,1,2010-12-01 12:23:00,1.65,United Kingdom
830,536464,21584,RETROSPOT SMALL TUBE MATCHES,1,2010-12-01 12:23:00,1.65,United Kingdom
831,536464,22866,HAND WARMER SCOTTY DOG DESIGN,1,2010-12-01 12:23:00,2.1,United Kingdom
832,536464,22731,3D CHRISTMAS STAMPS STICKERS ,2,2010-12-01 12:23:00,1.25,United Kingdom
833,536464,22866,HAND WARMER SCOTTY DOG DESIGN,1,2010-12-01 12:23:00,2.1,United Kingdom
834,536464,22866,HAND WARMER SCOTTY DOG DESIGN,3,2010-12-01 12:23:00,2.1,United Kingdom
835,536464,22558,CLOTHES PEGS RETROSPOT PACK 24 ,2,2010-12-01 12:23:00,1.49,United Kingdom
836,536464,22956,36 FOIL HEART CAKE CASES,1,2010-12-01 12:23:00,2.1,United Kingdom
837,536464,22945,CHRISTMAS METAL TAGS ASSORTED ,6,2010-12-01 12:23:00,0.85,United Kingdom
838,536464,22582,PACK OF 6 SWEETIE GIFT BOXES,1,2010-12-01 12:23:00,2.5499999999999998,United Kingdom
839,536464,21212,PACK OF 72 RETROSPOT CAKE CASES,1,2010-12-01 12:23:00,0.55000000000000004,United Kingdom
840,536464,21212,PACK OF 72 RETROSPOT CAKE CASES,2,2010-12-01 12:23:00,0.55000000000000004,United Kingdom
841,536464,22585,PACK OF 6 BIRDY GIFT TAGS,3,2010-12-01 12:23:00,1.25,United Kingdom
842,536464,21121,SET/10 RED POLKADOT PARTY CANDLES,1,2010-12-01 12:23:00,1.25,United Kingdom
843,536464,21122,SET/10 PINK POLKADOT PARTY CANDLES,1,2010-12-01 12:23:00,1.25,United Kingdom
844,536464,22759,SET OF 3 NOTEBOOKS IN PARCEL,1,2010-12-01 12:23:00,1.65,United Kingdom
845,536464,21815,STAR  T-LIGHT HOLDER ,1,2010-12-01 12:23:00,1.45,United Kingdom
846,536464,85231B,CINAMMON SET OF 9 T-LIGHTS,3,2010-12-01 12:23:00,0.85,United Kingdom
847,536464,85231G,ORANGE SCENTED SET/9 T-LIGHTS,5,2010-12-01 12:23:00,0.85,United Kingdom
848,536464,22082,RIBBON REEL STRIPES DESIGN ,5,2010-12-01 12:23:00,1.65,United Kingdom
849,536464,22500,SET OF 2 TINS JARDIN DE PROVENCE,2,2010-12-01 12:23:00,4.95,United Kingdom
850,536464,22742,MAKE YOUR OWN PLAYTIME CARD KIT,1,2010-12-01 12:23:00,2.95,United Kingdom
851,536464,21329,DINOSAURS  WRITING SET ,1,2010-12-01 12:23:00,1.65,United Kingdom
852,536464,21328,BALLOONS  WRITING SET ,1,2010-12-01 12:23:00,1.65,United Kingdom
853,536464,21327,SKULLS WRITING SET ,1,2010-12-01 12:23:00,1.65,United Kingdom
854,536464,21992,VINTAGE PAISLEY STATIONERY SET,1,2010-12-01 12:23:00,2.95,United Kingdom
855,536464,21738,COSY SLIPPER SHOES SMALL  RED ,1,2010-12-01 12:23:00,2.95,United Kingdom
856,536464,48173C,DOORMAT BLACK FLOCK ,1,2010-12-01 12:23:00,7.95,United Kingdom
857,536464,85099C,JUMBO  BAG BAROQUE BLACK WHITE,1,2010-12-01 12:23:00,1.95,United Kingdom
858,536464,22960,JAM MAKING SET WITH JARS,1,2010-12-01 12:23:00,4.25,United Kingdom
859,536464,85231G,ORANGE SCENTED SET/9 T-LIGHTS,1,2010-12-01 12:23:00,0.85,United Kingdom
860,536464,85231B,CINAMMON SET OF 9 T-LIGHTS,2,2010-12-01 12:23:00,0.85,United Kingdom
861,536464,22866,HAND WARMER SCOTTY DOG DESIGN,1,2010-12-01 12:23:00,2.1,United Kingdom
862,536464,72818,CHRISTMAS DECOUPAGE CANDLE,1,2010-12-01 12:23:00,0.85,United Kingdom
863,536464,21814,HEART T-LIGHT HOLDER ,8,2010-12-01 12:23:00,1.45,United Kingdom
864,536464,22441,GROW YOUR OWN BASIL IN ENAMEL MUG,1,2010-12-01 12:23:00,2.1,United Kingdom
865,536464,22312,OFFICE MUG WARMER POLKADOT,1,2010-12-01 12:23:00,2.95,United Kingdom
866,536464,22197,SMALL POPCORN HOLDER,6,2010-12-01 12:23:00,0.85,United Kingdom
867,536464,22663,JUMBO BAG DOLLY GIRL DESIGN,1,2010-12-01 12:23:00,1.95,United Kingdom
868,536466,22960,JAM MAKING SET WITH JARS,6,2010-12-01 12:23:00,4.25,United Kingdom
869,536466,22961,JAM MAKING SET PRINTED,12,2010-12-01 12:23:00,1.45,United Kingdom
870,536477,21314,SMALL GLASS HEART TRINKET POT,48,2010-12-01 12:27:00,1.85,United Kingdom
871,536477,84029E,RED WOOLLY HOTTIE WHITE HEART.,24,2010-12-01 12:27:00,3.39,United Kingdom
872,536477,21137,BLACK RECORD COVER FRAME,480,2010-12-01 12:27:00,3.39,United Kingdom
873,536477,22041,"RECORD FRAME 7"" SINGLE SIZE ",48,2010-12-01 12:27:00,2.1,United Kingdom
874,536477,20979,36 PENCILS TUBE RED RETROSPOT,16,2010-12-01 12:27:00,1.25,United Kingdom
875,536477,20977,36 PENCILS TUBE WOODLAND,16,2010-12-01 12:27:00,1.25,United Kingdom
876,536477,22619,SET OF 6 SOLDIER SKITTLES,4,2010-12-01 12:27:00,3.75,United Kingdom
877,536477,22571,ROCKING HORSE RED CHRISTMAS ,96,2010-12-01 12:27:00,0.72,United Kingdom
878,536477,22595,CHRISTMAS GINGHAM HEART,144,2010-12-01 12:27:00,0.72,United Kingdom
879,536477,22593,CHRISTMAS GINGHAM STAR,144,2010-12-01 12:27:00,0.72,United Kingdom
880,536477,22633,HAND WARMER UNION JACK,12,2010-12-01 12:27:00,2.1,United Kingdom
881,536477,22632,HAND WARMER RED RETROSPOT,12,2010-12-01 12:27:00,2.1,United Kingdom
882,536477,22423,REGENCY CAKESTAND 3 TIER,16,2010-12-01 12:27:00,10.95,United Kingdom
883,536477,22411,JUMBO SHOPPER VINTAGE RED PAISLEY,10,2010-12-01 12:27:00,1.95,United Kingdom
884,536488,22738,RIBBON REEL SNOWY VILLAGE,5,2010-12-01 12:31:00,1.65,United Kingdom
885,536488,21621,VINTAGE UNION JACK BUNTING,1,2010-12-01 12:31:00,8.5,United Kingdom
886,536488,22960,JAM MAKING SET WITH JARS,8,2010-12-01 12:31:00,4.25,United Kingdom
887,536488,22082,RIBBON REEL STRIPES DESIGN ,5,2010-12-01 12:31:00,1.65,United Kingdom
888,536488,47563A,RETRO LONGBOARD IRONING BOARD COVER,1,2010-12-01 12:31:00,3.75,United Kingdom
889,536488,84558A,3D DOG PICTURE PLAYING CARDS,1,2010-12-01 12:31:00,2.95,United Kingdom
890,536488,21592,RETROSPOT CIGAR BOX MATCHES ,1,2010-12-01 12:31:00,1.25,United Kingdom
891,536488,20878,SET/9 CHRISTMAS T-LIGHTS SCENTED ,2,2010-12-01 12:31:00,1.25,United Kingdom
892,536488,84347,ROTATING SILVER ANGELS T-LIGHT HLDR,1,2010-12-01 12:31:00,2.5499999999999998,United Kingdom
893,536488,84347,ROTATING SILVER ANGELS T-LIGHT HLDR,1,2010-12-01 12:31:00,2.5499999999999998,United Kingdom
894,536488,21577,SAVE THE PLANET COTTON TOTE BAG,1,2010-12-01 12:31:00,2.25,United Kingdom
895,536488,22909,SET OF 20 VINTAGE CHRISTMAS NAPKINS,1,2010-12-01 12:31:00,0.85,United Kingdom
896,536488,22087,PAPER BUNTING WHITE LACE,1,2010-12-01 12:31:00,2.95,United Kingdom
897,536488,22651,GENTLEMAN SHIRT REPAIR KIT ,2,2010-12-01 12:31:00,0.85,United Kingdom
898,536488,22713,CARD I LOVE LONDON ,12,2010-12-01 12:31:00,0.42,United Kingdom
899,536488,22910,PAPER CHAIN KIT VINTAGE CHRISTMAS,1,2010-12-01 12:31:00,2.95,United Kingdom
900,536488,21370,MIRRORED WALL ART FOXY,2,2010-12-01 12:31:00,6.35,United Kingdom
901,536488,21367,MIRRORED WALL ART GENTS,1,2010-12-01 12:31:00,2.5499999999999998,United Kingdom
902,536488,22376,AIRLINE BAG VINTAGE JET SET WHITE,1,2010-12-01 12:31:00,4.25,United Kingdom
903,536488,22961,JAM MAKING SET PRINTED,1,2010-12-01 12:31:00,1.45,United Kingdom
904,536488,21895,POTTING SHED SOW 'N' GROW SET,1,2010-12-01 12:31:00,4.25,United Kingdom
905,536488,22468,BABUSHKA LIGHTS STRING OF 10,1,2010-12-01 12:31:00,6.75,United Kingdom
906,536488,21034,REX CASH+CARRY JUMBO SHOPPER,1,2010-12-01 12:31:00,0.95,United Kingdom
907,536488,22372,AIRLINE BAG VINTAGE WORLD CHAMPION ,1,2010-12-01 12:31:00,4.25,United Kingdom
908,536488,22867,HAND WARMER BIRD DESIGN,1,2010-12-01 12:31:00,2.1,United Kingdom
909,536488,22144,CHRISTMAS CRAFT LITTLE FRIENDS,1,2010-12-01 12:31:00,2.1,United Kingdom
910,536488,21190,PINK HEARTS PAPER GARLAND,1,2010-12-01 12:31:00,1.65,United Kingdom
911,536488,21894,POTTING SHED SEED ENVELOPES,3,2010-12-01 12:31:00,1.25,United Kingdom
912,536488,70007,HI TEC ALPINE HAND WARMER,3,2010-12-01 12:31:00,1.65,United Kingdom
913,536488,22940,FELTCRAFT CHRISTMAS FAIRY,1,2010-12-01 12:31:00,4.25,United Kingdom
914,536488,70007,HI TEC ALPINE HAND WARMER,1,2010-12-01 12:31:00,1.65,United Kingdom
915,536488,84347,ROTATING SILVER ANGELS T-LIGHT HLDR,3,2010-12-01 12:31:00,2.5499999999999998,United Kingdom
916,536488,22150,3 STRIPEY MICE FELTCRAFT,1,2010-12-01 12:31:00,1.95,United Kingdom
917,536488,22149,FELTCRAFT 6 FLOWER FRIENDS,2,2010-12-01 12:31:00,2.1,United Kingdom
918,536488,22144,CHRISTMAS CRAFT LITTLE FRIENDS,2,2010-12-01 12:31:00,2.1,United Kingdom
919,536500,21622,VINTAGE UNION JACK CUSHION COVER,10,2010-12-01 12:35:00,4.95,United Kingdom
920,536500,46000M,POLYESTER FILLER PAD 45x45cm,10,2010-12-01 12:35:00,1.55,United Kingdom
921,536500,22630,DOLLY GIRL LUNCH BOX,2,2010-12-01 12:35:00,1.95,United Kingdom
922,536500,22616,PACK OF 12 LONDON TISSUES ,12,2010-12-01 12:35:00,0.28999999999999998,United Kingdom
923,536500,22712,CARD DOLLY GIRL ,12,2010-12-01 12:35:00,0.42,United Kingdom
924,536500,22983,CARD BILLBOARD FONT,12,2010-12-01 12:35:00,0.42,United Kingdom
925,536500,22024,RAINY LADIES BIRTHDAY CARD,12,2010-12-01 12:35:00,0.42,United Kingdom
926,536500,22113,GREY HEART HOT WATER BOTTLE,3,2010-12-01 12:35:00,3.75,United Kingdom
927,536500,84029E,RED WOOLLY HOTTIE WHITE HEART.,2,2010-12-01 12:35:00,3.75,United Kingdom
928,536500,21488,RED WHITE SCARF  HOT WATER BOTTLE,2,2010-12-01 12:35:00,3.95,United Kingdom
929,536500,22900, SET 2 TEA TOWELS I LOVE LONDON ,7,2010-12-01 12:35:00,2.95,United Kingdom
930,536500,22895,SET OF 2 TEA TOWELS APPLE AND PEARS,3,2010-12-01 12:35:00,2.95,United Kingdom
931,536500,21035,SET/2 RED RETROSPOT TEA TOWELS ,3,2010-12-01 12:35:00,2.95,United Kingdom
932,536500,21755,LOVE BUILDING BLOCK WORD,6,2010-12-01 12:35:00,5.95,United Kingdom
933,536500,21754,HOME BUILDING BLOCK WORD,6,2010-12-01 12:35:00,5.95,United Kingdom
934,536502,84879,ASSORTED COLOUR BIRD ORNAMENT,16,2010-12-01 12:36:00,1.69,United Kingdom
935,536502,22784,LANTERN CREAM GAZEBO ,3,2010-12-01 12:36:00,4.95,United Kingdom
936,536502,21441,BLUE BIRDHOUSE DECORATION,12,2010-12-01 12:36:00,0.85,United Kingdom
937,536502,85123A,WHITE HANGING HEART T-LIGHT HOLDER,6,2010-12-01 12:36:00,2.95,United Kingdom
938,536502,22423,REGENCY CAKESTAND 3 TIER,2,2010-12-01 12:36:00,12.75,United Kingdom
939,536508,84947,ANTIQUE SILVER TEA GLASS ENGRAVED,72,2010-12-01 12:38:00,1.06,United Kingdom
940,536508,21326,AGED GLASS SILVER T-LIGHT HOLDER,144,2010-12-01 12:38:00,0.55000000000000004,United Kingdom
941,C536506,22960,JAM MAKING SET WITH JARS,-6,2010-12-01 12:38:00,4.25,United Kingdom
942,536514,22865,HAND WARMER OWL DESIGN,36,2010-12-01 12:40:00,2.1,United Kingdom
943,536514,22485,SET OF 2 WOODEN MARKET CRATES,4,2010-12-01 12:40:00,12.75,United Kingdom
944,536514,22807,SET OF 6 T-LIGHTS TOADSTOOLS,6,2010-12-01 12:40:00,2.95,United Kingdom
945,536514,22633,HAND WARMER UNION JACK,36,2010-12-01 12:40:00,2.1,United Kingdom
946,536514,22866,HAND WARMER SCOTTY DOG DESIGN,36,2010-12-01 12:40:00,2.1,United Kingdom
947,536520,21794,CLASSIC FRENCH STYLE BASKET NATURAL,1,2010-12-01 12:43:00,6.75,United Kingdom
948,536520,20707,CRAZY DAISY HEART DECORATION,1,2010-12-01 12:43:00,1.25,United Kingdom
949,536520,21175,GIN + TONIC DIET METAL SIGN,1,2010-12-01 12:43:00,2.1,United Kingdom
950,536520,22926,IVORY GIANT GARDEN THERMOMETER,1,2010-12-01 12:43:00,5.95,United Kingdom
951,536520,22588,CARD HOLDER GINGHAM HEART,2,2010-12-01 12:43:00,2.5499999999999998,United Kingdom
952,536520,21292,SMALL STRIPES CHOCOLATE GIFT BAG ,16,2010-12-01 12:43:00,0.85,United Kingdom
953,536520,21890,S/6 WOODEN SKITTLES IN COTTON BAG,1,2010-12-01 12:43:00,2.95,United Kingdom
954,536520,22632,HAND WARMER RED RETROSPOT,4,2010-12-01 12:43:00,2.1,United Kingdom
955,536520,22633,HAND WARMER UNION JACK,3,2010-12-01 12:43:00,2.1,United Kingdom
956,536520,22670,FRENCH WC SIGN BLUE METAL,1,2010-12-01 12:43:00,1.25,United Kingdom
957,536520,21867,PINK UNION JACK  LUGGAGE TAG,1,2010-12-01 12:43:00,1.25,United Kingdom
958,536520,22760,"TRAY, BREAKFAST IN BED",1,2010-12-01 12:43:00,12.75,United Kingdom
959,536520,22107,PIZZA PLATE IN BOX,2,2010-12-01 12:43:00,3.75,United Kingdom
960,536520,22470,HEART OF WICKER LARGE,1,2010-12-01 12:43:00,2.95,United Kingdom
961,536520,21486,PINK HEART DOTS HOT WATER BOTTLE,1,2010-12-01 12:43:00,3.75,United Kingdom
962,536520,22151,PLACE SETTING WHITE HEART,14,2010-12-01 12:43:00,0.42,United Kingdom
963,536520,22643,SET OF 4 NAPKIN CHARMS LEAVES   ,4,2010-12-01 12:43:00,2.5499999999999998,United Kingdom
964,536520,22642,SET OF 4 NAPKIN CHARMS STARS   ,4,2010-12-01 12:43:00,2.5499999999999998,United Kingdom
965,536520,22604,SET OF 4 NAPKIN CHARMS CUTLERY,3,2010-12-01 12:43:00,2.5499999999999998,United Kingdom
966,536520,22099,CARAVAN SQUARE TISSUE BOX,2,2010-12-01 12:43:00,1.25,United Kingdom
967,536520,22553,PLASTERS IN TIN SKULLS,1,2010-12-01 12:43:00,1.65,United Kingdom
968,536520,22551,PLASTERS IN TIN SPACEBOY,1,2010-12-01 12:43:00,1.65,United Kingdom
969,536520,22653,BUTTON BOX ,1,2010-12-01 12:43:00,1.95,United Kingdom
970,536520,22557,PLASTERS IN TIN VINTAGE PAISLEY ,2,2010-12-01 12:43:00,1.65,United Kingdom
971,536520,22906,12 MESSAGE CARDS WITH ENVELOPES,6,2010-12-01 12:43:00,1.65,United Kingdom
972,536520,22754,SMALL RED BABUSHKA NOTEBOOK ,1,2010-12-01 12:43:00,0.85,United Kingdom
973,536520,22938,CUPCAKE LACE PAPER SET 6,5,2010-12-01 12:43:00,1.95,United Kingdom
974,536520,22812,PACK 3 BOXES CHRISTMAS PANNETONE,3,2010-12-01 12:43:00,1.95,United Kingdom
975,536520,22919,HERB MARKER MINT,2,2010-12-01 12:43:00,0.65,United Kingdom
976,536520,22917,HERB MARKER ROSEMARY,1,2010-12-01 12:43:00,0.65,United Kingdom
977,536520,22920,HERB MARKER BASIL,3,2010-12-01 12:43:00,0.65,United Kingdom
978,536520,22921,HERB MARKER CHIVES ,2,2010-12-01 12:43:00,0.65,United Kingdom
979,536520,22918,HERB MARKER PARSLEY,2,2010-12-01 12:43:00,0.65,United Kingdom
980,536520,22916,HERB MARKER THYME,1,2010-12-01 12:43:00,0.65,United Kingdom
981,536520,85123A,WHITE HANGING HEART T-LIGHT HOLDER,3,2010-12-01 12:43:00,2.95,United Kingdom
982,536520,22575,METAL MERRY CHRISTMAS WREATH,1,2010-12-01 12:43:00,1.95,United Kingdom
983,536520,21804,WHITE CHRISTMAS GARLAND STARS TREES,3,2010-12-01 12:43:00,3.75,United Kingdom
984,536520,21584,RETROSPOT SMALL TUBE MATCHES,12,2010-12-01 12:43:00,1.65,United Kingdom
985,536520,21588,RETROSPOT GIANT TUBE MATCHES,3,2010-12-01 12:43:00,2.5499999999999998,United Kingdom
986,536520,22152,PLACE SETTING WHITE STAR,12,2010-12-01 12:43:00,0.42,United Kingdom
987,536520,22441,GROW YOUR OWN BASIL IN ENAMEL MUG,1,2010-12-01 12:43:00,2.1,United Kingdom
988,536520,22955,36 FOIL STAR CAKE CASES ,2,2010-12-01 12:43:00,2.1,United Kingdom
989,536520,22956,36 FOIL HEART CAKE CASES,2,2010-12-01 12:43:00,2.1,United Kingdom
990,536520,22582,PACK OF 6 SWEETIE GIFT BOXES,2,2010-12-01 12:43:00,2.5499999999999998,United Kingdom
991,536520,22583,PACK OF 6 HANDBAG GIFT BOXES,3,2010-12-01 12:43:00,2.5499999999999998,United Kingdom
992,536520,22241,GARLAND WOODEN HAPPY EASTER,2,2010-12-01 12:43:00,1.25,United Kingdom
993,536520,22904,CALENDAR PAPER CUT DESIGN,3,2010-12-01 12:43:00,2.95,United Kingdom
994,536520,22905,CALENDAR IN SEASON DESIGN,2,2010-12-01 12:43:00,2.95,United Kingdom
995,536520,22197,SMALL POPCORN HOLDER,3,2010-12-01 12:43:00,0.85,United Kingdom
996,536520,22092,BLUE PAISLEY TISSUE BOX,1,2010-12-01 12:43:00,1.25,United Kingdom
997,536520,22469,HEART OF WICKER SMALL,1,2010-12-01 12:43:00,1.65,United Kingdom
998,536520,22100,SKULLS SQUARE TISSUE BOX,1,2010-12-01 12:43:00,1.25,United Kingdom
999,536520,22096,PINK PAISLEY SQUARE TISSUE BOX ,1,2010-12-01 12:43:00,1.25,United Kingdom
1000,536520,22583,PACK OF 6 HANDBAG GIFT BOXES,1,2010-12-01 12:43:00,2.5499999999999998,United Kingdom
1001,536520,21358,TOAST ITS - HAPPY BIRTHDAY,2,2010-12-01 12:43:00,1.25,United Kingdom
1002,536520,21123,SET/10 IVORY POLKADOT PARTY CANDLES,1,2010-12-01 12:43:00,1.25,United Kingdom
1003,536520,21124,SET/10 BLUE POLKADOT PARTY CANDLES,1,2010-12-01 12:43:00,1.25,United Kingdom
1004,536520,21122,SET/10 PINK POLKADOT PARTY CANDLES,1,2010-12-01 12:43:00,1.25,United Kingdom
1005,536520,84378,SET OF 3 HEART COOKIE CUTTERS,1,2010-12-01 12:43:00,1.25,United Kingdom
1006,536520,21985,PACK OF 12 HEARTS DESIGN TISSUES ,12,2010-12-01 12:43:00,0.28999999999999998,United Kingdom
1007,536520,21427,SKULLS STORAGE BOX SMALL,2,2010-12-01 12:43:00,2.1,United Kingdom
1008,536520,21034,REX CASH+CARRY JUMBO SHOPPER,2,2010-12-01 12:43:00,0.95,United Kingdom
1009,536520,21930,JUMBO STORAGE BAG SKULLS,1,2010-12-01 12:43:00,1.95,United Kingdom
1010,536520,20772,GARDEN PATH JOURNAL,1,2010-12-01 12:43:00,2.5499999999999998,United Kingdom
1011,536520,22469,HEART OF WICKER SMALL,2,2010-12-01 12:43:00,1.65,United Kingdom
1012,536520,71406C,BLACK ORANGE SQUEEZER,12,2010-12-01 12:43:00,0.42,United Kingdom
1013,536520,84985A,SET OF 72 GREEN PAPER DOILIES,1,2010-12-01 12:43:00,1.45,United Kingdom
1014,536520,20754,RETROSPOT RED WASHING UP GLOVES,1,2010-12-01 12:43:00,2.1,United Kingdom
1015,536520,84596E,SMALL LICORICE DES PINK BOWL,1,2010-12-01 12:43:00,1.25,United Kingdom
1016,536520,21111,"SWISS ROLL TOWEL, CHOCOLATE  SPOTS",1,2010-12-01 12:43:00,2.95,United Kingdom
1017,536520,22501,PICNIC BASKET WICKER LARGE,1,2010-12-01 12:43:00,9.9499999999999993,United Kingdom
1018,536521,22854,CREAM SWEETHEART EGG HOLDER,1,2010-12-01 12:48:00,4.95,United Kingdom
1019,536522,84997D,PINK 3 PIECE POLKADOT CUTLERY SET,1,2010-12-01 12:49:00,3.75,United Kingdom
1020,536522,47599A,PINK PARTY BAGS,1,2010-12-01 12:49:00,2.1,United Kingdom
1021,536522,47599B,BLUE PARTY BAGS ,1,2010-12-01 12:49:00,2.1,United Kingdom
1022,536522,22749,FELTCRAFT PRINCESS CHARLOTTE DOLL,1,2010-12-01 12:49:00,3.75,United Kingdom
1023,536522,20972,PINK CREAM FELT CRAFT TRINKET BOX ,1,2010-12-01 12:49:00,1.25,United Kingdom
1024,536522,22569,FELTCRAFT CUSHION BUTTERFLY,1,2010-12-01 12:49:00,3.75,United Kingdom
1025,536522,21041,RED RETROSPOT OVEN GLOVE DOUBLE,1,2010-12-01 12:49:00,2.95,United Kingdom
1026,536522,21664,RIDGED GLASS STORAGE JAR CREAM LID,2,2010-12-01 12:49:00,3.75,United Kingdom
1027,536522,84969,BOX OF 6 ASSORTED COLOUR TEASPOONS,1,2010-12-01 12:49:00,4.25,United Kingdom
1028,536522,22907,PACK OF 20 NAPKINS PANTRY DESIGN,1,2010-12-01 12:49:00,0.85,United Kingdom
1029,536522,22865,HAND WARMER OWL DESIGN,2,2010-12-01 12:49:00,2.1,United Kingdom
1030,536522,22866,HAND WARMER SCOTTY DOG DESIGN,1,2010-12-01 12:49:00,2.1,United Kingdom
1031,536522,22632,HAND WARMER RED RETROSPOT,2,2010-12-01 12:49:00,2.1,United Kingdom
1032,536522,22776,SWEETHEART CAKESTAND 3 TIER,1,2010-12-01 12:49:00,9.9499999999999993,United Kingdom
1033,536522,22338,STAR DECORATION PAINTED ZINC ,2,2010-12-01 12:49:00,0.65,United Kingdom
1034,536522,21810,CHRISTMAS HANGING STAR WITH BELL,2,2010-12-01 12:49:00,1.25,United Kingdom
1035,536522,22449,SILK PURSE BABUSHKA PINK,1,2010-12-01 12:49:00,3.35,United Kingdom
1036,536522,21197,MULTICOLOUR  CONFETTI IN TUBE,1,2010-12-01 12:49:00,1.65,United Kingdom
1037,536522,85231G,ORANGE SCENTED SET/9 T-LIGHTS,1,2010-12-01 12:49:00,0.85,United Kingdom
1038,536522,21121,SET/10 RED POLKADOT PARTY CANDLES,1,2010-12-01 12:49:00,1.25,United Kingdom
1039,536522,22151,PLACE SETTING WHITE HEART,2,2010-12-01 12:49:00,0.42,United Kingdom
1040,536522,84836,ZINC METAL HEART DECORATION,2,2010-12-01 12:49:00,1.25,United Kingdom
1041,536522,21326,AGED GLASS SILVER T-LIGHT HOLDER,12,2010-12-01 12:49:00,0.65,United Kingdom
1042,536522,85035B,CHOCOLATE 3 WICK MORRIS BOX CANDLE,1,2010-12-01 12:49:00,4.25,United Kingdom
1043,536522,84968C,SET OF 16 VINTAGE PISTACHIO CUTLERY,1,2010-12-01 12:49:00,12.75,United Kingdom
1044,536522,85231B,CINAMMON SET OF 9 T-LIGHTS,1,2010-12-01 12:49:00,0.85,United Kingdom
1045,536522,22739,RIBBON REEL CHRISTMAS SOCK BAUBLE,5,2010-12-01 12:49:00,1.65,United Kingdom
1046,536522,37370,RETRO COFFEE MUGS ASSORTED,2,2010-12-01 12:49:00,1.25,United Kingdom
1047,536522,22941,CHRISTMAS LIGHTS 10 REINDEER,1,2010-12-01 12:49:00,8.5,United Kingdom
1048,536522,21098,CHRISTMAS TOILET ROLL,2,2010-12-01 12:49:00,1.25,United Kingdom
1049,536522,22151,PLACE SETTING WHITE HEART,1,2010-12-01 12:49:00,0.42,United Kingdom
1050,536522,84836,ZINC METAL HEART DECORATION,1,2010-12-01 12:49:00,1.25,United Kingdom
1051,536522,20914,SET/5 RED RETROSPOT LID GLASS BOWLS,1,2010-12-01 12:49:00,2.95,United Kingdom
1052,536522,22749,FELTCRAFT PRINCESS CHARLOTTE DOLL,2,2010-12-01 12:49:00,3.75,United Kingdom
1053,536522,21190,PINK HEARTS PAPER GARLAND,1,2010-12-01 12:49:00,1.65,United Kingdom
1054,536522,84997C,BLUE 3 PIECE POLKADOT CUTLERY SET,1,2010-12-01 12:49:00,3.75,United Kingdom
1055,536522,21810,CHRISTMAS HANGING STAR WITH BELL,1,2010-12-01 12:49:00,1.25,United Kingdom
1056,536522,21192,WHITE BELL HONEYCOMB PAPER ,3,2010-12-01 12:49:00,1.65,United Kingdom
1057,536522,85014A,BLACK/BLUE POLKADOT UMBRELLA,1,2010-12-01 12:49:00,5.95,United Kingdom
1058,536522,21124,SET/10 BLUE POLKADOT PARTY CANDLES,2,2010-12-01 12:49:00,1.25,United Kingdom
1059,536522,72800B, 4 PURPLE FLOCK DINNER CANDLES,2,2010-12-01 12:49:00,2.5499999999999998,United Kingdom
1060,536522,84563A,PINK & WHITE BREAKFAST TRAY,1,2010-12-01 12:49:00,5.95,United Kingdom
1061,536522,22107,PIZZA PLATE IN BOX,2,2010-12-01 12:49:00,3.75,United Kingdom
1062,536522,47504H,ENGLISH ROSE SPIRIT LEVEL ,1,2010-12-01 12:49:00,1.95,United Kingdom
1063,536522,21121,SET/10 RED POLKADOT PARTY CANDLES,1,2010-12-01 12:49:00,1.25,United Kingdom
1064,536522,21122,SET/10 PINK POLKADOT PARTY CANDLES,1,2010-12-01 12:49:00,1.25,United Kingdom
1065,536522,21742,LARGE ROUND WICKER PLATTER ,1,2010-12-01 12:49:00,5.95,United Kingdom
1066,536522,22566,FELTCRAFT HAIRBAND PINK AND PURPLE,1,2010-12-01 12:49:00,0.85,United Kingdom
1067,536522,21664,RIDGED GLASS STORAGE JAR CREAM LID,1,2010-12-01 12:49:00,3.75,United Kingdom
1068,536522,22632,HAND WARMER RED RETROSPOT,1,2010-12-01 12:49:00,2.1,United Kingdom
1069,536522,21122,SET/10 PINK POLKADOT PARTY CANDLES,1,2010-12-01 12:49:00,1.25,United Kingdom
1070,536522,22481,BLACK TEA TOWEL CLASSIC DESIGN,3,2010-12-01 12:49:00,1.25,United Kingdom
1071,536522,85099B,JUMBO BAG RED RETROSPOT,1,2010-12-01 12:49:00,1.95,United Kingdom
1072,536522,21931,JUMBO STORAGE BAG SUKI,1,2010-12-01 12:49:00,1.95,United Kingdom
1073,536523,22943,CHRISTMAS LIGHTS 10 VINTAGE BAUBLES,6,2010-12-01 12:50:00,4.95,United Kingdom
1074,536523,22468,BABUSHKA LIGHTS STRING OF 10,2,2010-12-01 12:50:00,6.75,United Kingdom
1075,536523,22149,FELTCRAFT 6 FLOWER FRIENDS,6,2010-12-01 12:50:00,2.1,United Kingdom
1076,536523,21485,RETROSPOT HEART HOT WATER BOTTLE,3,2010-12-01 12:50:00,4.95,United Kingdom
1077,536523,21259,VICTORIAN SEWING BOX SMALL ,2,2010-12-01 12:50:00,5.95,United Kingdom
1078,536523,22969,HOMEMADE JAM SCENTED CANDLES,12,2010-12-01 12:50:00,1.45,United Kingdom
1079,536523,22699,ROSES REGENCY TEACUP AND SAUCER ,6,2010-12-01 12:50:00,2.95,United Kingdom
1080,536523,22217,T-LIGHT HOLDER HANGING LACE,12,2010-12-01 12:50:00,1.25,United Kingdom
1081,536523,22227,HANGING HEART MIRROR DECORATION ,24,2010-12-01 12:50:00,0.65,United Kingdom
1082,536523,22219,LOVEBIRD HANGING DECORATION WHITE ,12,2010-12-01 12:50:00,0.85,United Kingdom
1083,536523,22111,SCOTTIE DOG HOT WATER BOTTLE,3,2010-12-01 12:50:00,4.95,United Kingdom
1084,536523,22294,HEART FILIGREE DOVE  SMALL,24,2010-12-01 12:50:00,1.25,United Kingdom
1085,536524,21111,"SWISS ROLL TOWEL, CHOCOLATE  SPOTS",6,2010-12-01 12:51:00,2.95,United Kingdom
1086,536524,21106,CREAM SLICE FLANNEL CHOCOLATE SPOT ,6,2010-12-01 12:51:00,2.95,United Kingdom
1087,536524,21107,CREAM SLICE FLANNEL PINK SPOT ,6,2010-12-01 12:51:00,2.95,United Kingdom
1088,536524,22697,GREEN REGENCY TEACUP AND SAUCER,6,2010-12-01 12:51:00,2.95,United Kingdom
1089,536525,21826,EIGHT PIECE DINOSAUR SET,2,2010-12-01 12:54:00,1.25,United Kingdom
1090,536525,21791,VINTAGE HEADS AND TAILS CARD GAME ,1,2010-12-01 12:54:00,1.25,United Kingdom
1091,536525,22548,HEADS AND TAILS SPORTING FUN,1,2010-12-01 12:54:00,1.25,United Kingdom
1092,536525,22149,FELTCRAFT 6 FLOWER FRIENDS,1,2010-12-01 12:54:00,2.1,United Kingdom
1093,536525,17164B,ASS COL SMALL SAND GECKO P'WEIGHT,2,2010-12-01 12:54:00,0.42,United Kingdom
1094,536525,22423,REGENCY CAKESTAND 3 TIER,2,2010-12-01 12:54:00,12.75,United Kingdom
1095,536525,22429,ENAMEL MEASURING JUG CREAM,1,2010-12-01 12:54:00,4.25,United Kingdom
1096,536525,22428,ENAMEL FIRE BUCKET CREAM,1,2010-12-01 12:54:00,6.95,United Kingdom
1097,536525,20974,12 PENCILS SMALL TUBE SKULL,3,2010-12-01 12:54:00,0.65,United Kingdom
1098,536525,20973,12 PENCIL SMALL TUBE WOODLAND,2,2010-12-01 12:54:00,0.65,United Kingdom
1099,536525,15044B,BLUE PAPER PARASOL ,1,2010-12-01 12:54:00,2.95,United Kingdom
1100,536525,21324,HANGING MEDINA LANTERN SMALL,2,2010-12-01 12:54:00,2.95,United Kingdom
1101,536525,20750,RED RETROSPOT MINI CASES,10,2010-12-01 12:54:00,7.95,United Kingdom
1102,536526,21135,VICTORIAN  METAL POSTCARD SPRING,16,2010-12-01 12:58:00,1.69,United Kingdom
1103,536526,22173,METAL 4 HOOK HANGER FRENCH CHATEAU,16,2010-12-01 12:58:00,2.95,United Kingdom
1104,536526,22626,BLACK KITCHEN SCALES,2,2010-12-01 12:58:00,8.5,United Kingdom
1105,536526,22625,RED KITCHEN SCALES,6,2010-12-01 12:58:00,8.5,United Kingdom
1106,536526,22624,IVORY KITCHEN SCALES,6,2010-12-01 12:58:00,8.5,United Kingdom
1107,536526,21929,JUMBO BAG PINK VINTAGE PAISLEY,20,2010-12-01 12:58:00,1.95,United Kingdom
1108,536526,85099B,JUMBO BAG RED RETROSPOT,10,2010-12-01 12:58:00,1.95,United Kingdom
1109,536526,22411,JUMBO SHOPPER VINTAGE RED PAISLEY,10,2010-12-01 12:58:00,1.95,United Kingdom
1110,536526,22113,GREY HEART HOT WATER BOTTLE,8,2010-12-01 12:58:00,3.75,United Kingdom
1111,536527,22809,SET OF 6 T-LIGHTS SANTA,6,2010-12-01 13:04:00,2.95,Germany
1112,536527,84347,ROTATING SILVER ANGELS T-LIGHT HLDR,6,2010-12-01 13:04:00,2.5499999999999998,Germany
1113,536527,84945,MULTI COLOUR SILVER T-LIGHT HOLDER,12,2010-12-01 13:04:00,0.85,Germany
1114,536527,22242,5 HOOK HANGER MAGIC TOADSTOOL,12,2010-12-01 13:04:00,1.65,Germany
1115,536527,22244,3 HOOK HANGER MAGIC GARDEN,12,2010-12-01 13:04:00,1.95,Germany
1116,536527,22243,5 HOOK HANGER RED MAGIC TOADSTOOL,12,2010-12-01 13:04:00,1.65,Germany
1117,536527,47421,ASSORTED COLOUR LIZARD SUCTION HOOK,24,2010-12-01 13:04:00,0.42,Germany
1118,536527,20712,JUMBO BAG WOODLAND ANIMALS,10,2010-12-01 13:04:00,1.95,Germany
1119,536527,20713,JUMBO BAG OWLS,10,2010-12-01 13:04:00,1.95,Germany
1120,536527,22837,HOT WATER BOTTLE BABUSHKA ,4,2010-12-01 13:04:00,4.6500000000000004,Germany
1121,536527,22969,HOMEMADE JAM SCENTED CANDLES,12,2010-12-01 13:04:00,1.45,Germany
1122,536527,22973,CHILDREN'S CIRCUS PARADE MUG,12,2010-12-01 13:04:00,1.65,Germany
1123,536527,84569B,PACK 3 FIRE ENGINE/CAR PATCHES,12,2010-12-01 13:04:00,1.25,Germany
1124,536527,22549,PICTURE DOMINOES,12,2010-12-01 13:04:00,1.45,Germany
1125,536527,POST,POSTAGE,1,2010-12-01 13:04:00,18,Germany
1126,536528,22815,CARD PSYCHEDELIC APPLES,12,2010-12-01 13:17:00,0.42,United Kingdom
1127,536528,22865,HAND WARMER OWL DESIGN,1,2010-12-01 13:17:00,2.1,United Kingdom
1128,536528,22585,PACK OF 6 BIRDY GIFT TAGS,6,2010-12-01 13:17:00,1.25,United Kingdom
1129,536528,21587,COSY HOUR GIANT TUBE MATCHES,1,2010-12-01 13:17:00,2.5499999999999998,United Kingdom
1130,536528,84985A,SET OF 72 GREEN PAPER DOILIES,1,2010-12-01 13:17:00,1.45,United Kingdom
1131,536528,85114B,IVORY ENCHANTED FOREST PLACEMAT,1,2010-12-01 13:17:00,1.65,United Kingdom
1132,536528,22813,PACK 3 BOXES BIRD PANNETONE ,3,2010-12-01 13:17:00,1.95,United Kingdom
1133,536528,22128,PARTY CONES CANDY ASSORTED,6,2010-12-01 13:17:00,1.25,United Kingdom
1134,536528,22839,3 TIER CAKE TIN GREEN AND CREAM,1,2010-12-01 13:17:00,14.95,United Kingdom
1135,536528,22584,PACK OF 6 PANNETONE GIFT BOXES,2,2010-12-01 13:17:00,2.5499999999999998,United Kingdom
1136,536528,22130,PARTY CONE CHRISTMAS DECORATION ,12,2010-12-01 13:17:00,0.85,United Kingdom
1137,536528,22938,CUPCAKE LACE PAPER SET 6,3,2010-12-01 13:17:00,1.95,United Kingdom
1138,536528,22411,JUMBO SHOPPER VINTAGE RED PAISLEY,1,2010-12-01 13:17:00,1.95,United Kingdom
1139,536528,21731,RED TOADSTOOL LED NIGHT LIGHT,2,2010-12-01 13:17:00,1.65,United Kingdom
1140,536528,22616,PACK OF 12 LONDON TISSUES ,1,2010-12-01 13:17:00,0.28999999999999998,United Kingdom
1141,536528,22454,MEASURING TAPE BABUSHKA RED,1,2010-12-01 13:17:00,2.95,United Kingdom
1142,536528,22865,HAND WARMER OWL DESIGN,1,2010-12-01 13:17:00,2.1,United Kingdom
1143,536528,21992,VINTAGE PAISLEY STATIONERY SET,1,2010-12-01 13:17:00,2.95,United Kingdom
1144,536528,22326,ROUND SNACK BOXES SET OF4 WOODLAND ,4,2010-12-01 13:17:00,2.95,United Kingdom
1145,536528,22082,RIBBON REEL STRIPES DESIGN ,1,2010-12-01 13:17:00,1.65,United Kingdom
1146,536528,85049E,SCANDINAVIAN REDS RIBBONS,1,2010-12-01 13:17:00,1.25,United Kingdom
1147,536528,22077,6 RIBBONS RUSTIC CHARM,2,2010-12-01 13:17:00,1.65,United Kingdom
1148,536528,85049A,TRADITIONAL CHRISTMAS RIBBONS,1,2010-12-01 13:17:00,1.25,United Kingdom
1149,536528,22865,HAND WARMER OWL DESIGN,2,2010-12-01 13:17:00,2.1,United Kingdom
1150,536528,22867,HAND WARMER BIRD DESIGN,3,2010-12-01 13:17:00,2.1,United Kingdom
1151,536528,22910,PAPER CHAIN KIT VINTAGE CHRISTMAS,3,2010-12-01 13:17:00,2.95,United Kingdom
1152,536528,22963,JAM JAR WITH GREEN LID,2,2010-12-01 13:17:00,0.85,United Kingdom
1153,536528,22960,JAM MAKING SET WITH JARS,1,2010-12-01 13:17:00,4.25,United Kingdom
1154,536528,85114C,RED ENCHANTED FOREST PLACEMAT,1,2010-12-01 13:17:00,1.65,United Kingdom
1155,536528,85114B,IVORY ENCHANTED FOREST PLACEMAT,1,2010-12-01 13:17:00,1.65,United Kingdom
1156,536528,22974,CHILDRENS DOLLY GIRL MUG,2,2010-12-01 13:17:00,1.65,United Kingdom
1157,536528,22423,REGENCY CAKESTAND 3 TIER,1,2010-12-01 13:17:00,12.75,United Kingdom
1158,536528,21452,TOADSTOOL MONEY BOX,2,2010-12-01 13:17:00,2.95,United Kingdom
1159,536528,22938,CUPCAKE LACE PAPER SET 6,1,2010-12-01 13:17:00,1.95,United Kingdom
1160,536528,22812,PACK 3 BOXES CHRISTMAS PANNETONE,3,2010-12-01 13:17:00,1.95,United Kingdom
1161,536528,22584,PACK OF 6 PANNETONE GIFT BOXES,2,2010-12-01 13:17:00,2.5499999999999998,United Kingdom
1162,536528,22744,MAKE YOUR OWN MONSOON CARD KIT,2,2010-12-01 13:17:00,2.95,United Kingdom
1163,536528,22743,MAKE YOUR OWN FLOWERPOWER CARD KIT,1,2010-12-01 13:17:00,2.95,United Kingdom
1164,536528,22911,PAPER CHAIN KIT LONDON,1,2010-12-01 13:17:00,2.95,United Kingdom
1165,536528,22585,PACK OF 6 BIRDY GIFT TAGS,5,2010-12-01 13:17:00,1.25,United Kingdom
1166,536528,22900, SET 2 TEA TOWELS I LOVE LONDON ,1,2010-12-01 13:17:00,2.95,United Kingdom
1167,536528,22911,PAPER CHAIN KIT LONDON,1,2010-12-01 13:17:00,2.95,United Kingdom
1168,536528,22743,MAKE YOUR OWN FLOWERPOWER CARD KIT,1,2010-12-01 13:17:00,2.95,United Kingdom
1169,536528,22744,MAKE YOUR OWN MONSOON CARD KIT,2,2010-12-01 13:17:00,2.95,United Kingdom
1170,536528,22961,JAM MAKING SET PRINTED,1,2010-12-01 13:17:00,1.45,United Kingdom
1171,536528,22411,JUMBO SHOPPER VINTAGE RED PAISLEY,1,2010-12-01 13:17:00,1.95,United Kingdom
1172,536528,22454,MEASURING TAPE BABUSHKA RED,2,2010-12-01 13:17:00,2.95,United Kingdom
1173,536528,22453,MEASURING TAPE BABUSHKA BLUE,1,2010-12-01 13:17:00,2.95,United Kingdom
1174,536528,84985A,SET OF 72 GREEN PAPER DOILIES,1,2010-12-01 13:17:00,1.45,United Kingdom
1175,536528,22445,PENCIL CASE LIFE IS BEAUTIFUL,4,2010-12-01 13:17:00,2.95,United Kingdom
1176,536528,22568,FELTCRAFT CUSHION OWL,3,2010-12-01 13:17:00,3.75,United Kingdom
1177,536528,22570,FELTCRAFT CUSHION RABBIT,1,2010-12-01 13:17:00,3.75,United Kingdom
1178,536528,22607,WOODEN ROUNDERS GARDEN SET ,1,2010-12-01 13:17:00,9.9499999999999993,United Kingdom
1179,536528,22635,CHILDS BREAKFAST SET DOLLY GIRL ,1,2010-12-01 13:17:00,9.9499999999999993,United Kingdom
1180,536528,22634,CHILDS BREAKFAST SET SPACEBOY ,1,2010-12-01 13:17:00,9.9499999999999993,United Kingdom
1181,536528,22839,3 TIER CAKE TIN GREEN AND CREAM,1,2010-12-01 13:17:00,14.95,United Kingdom
1182,536528,22968,ROSE COTTAGE KEEPSAKE BOX ,3,2010-12-01 13:17:00,9.9499999999999993,United Kingdom
1183,536529,22222,CAKE PLATE LOVEBIRD WHITE,3,2010-12-01 13:20:00,4.95,United Kingdom
1184,536529,22947,WOODEN ADVENT CALENDAR RED,2,2010-12-01 13:20:00,16.95,United Kingdom
1185,536529,21743,STAR PORTABLE TABLE LIGHT ,6,2010-12-01 13:20:00,2.95,United Kingdom
1186,536529,22187,GREEN CHRISTMAS TREE CARD HOLDER,4,2010-12-01 13:20:00,4.25,United Kingdom
1187,536529,22164,STRING OF STARS CARD HOLDER,6,2010-12-01 13:20:00,2.95,United Kingdom
1188,536529,72598,SET/12 TAPER CANDLES,12,2010-12-01 13:20:00,0.85,United Kingdom
1189,536529,21258,VICTORIAN SEWING BOX LARGE,1,2010-12-01 13:20:00,12.75,United Kingdom
1190,536529,22627,MINT KITCHEN SCALES,2,2010-12-01 13:20:00,8.5,United Kingdom
1191,536529,22487,WHITE WOOD GARDEN PLANT LADDER,2,2010-12-01 13:20:00,9.9499999999999993,United Kingdom
1192,536530,22360,GLASS JAR ENGLISH CONFECTIONERY,2,2010-12-01 13:21:00,2.95,United Kingdom
1193,536530,22364,GLASS JAR DIGESTIVE BISCUITS,1,2010-12-01 13:21:00,2.95,United Kingdom
1194,536530,21657,MILK BOTTLE WITH GLASS STOPPER ,1,2010-12-01 13:21:00,6.95,United Kingdom
1195,536530,22699,ROSES REGENCY TEACUP AND SAUCER ,4,2010-12-01 13:21:00,2.95,United Kingdom
1196,536530,21071,VINTAGE BILLBOARD DRINK ME MUG,24,2010-12-01 13:21:00,1.25,United Kingdom
1197,536530,22941,CHRISTMAS LIGHTS 10 REINDEER,1,2010-12-01 13:21:00,8.5,United Kingdom
1198,536530,22120,WELCOME  WOODEN BLOCK LETTERS,1,2010-12-01 13:21:00,9.9499999999999993,United Kingdom
1199,536530,22423,REGENCY CAKESTAND 3 TIER,1,2010-12-01 13:21:00,12.75,United Kingdom
1200,536530,21038,SET/4 MODERN VINTAGE COTTON NAPKINS,1,2010-12-01 13:21:00,2.95,United Kingdom
1201,536530,21625,VINTAGE UNION JACK APRON,1,2010-12-01 13:21:00,6.95,United Kingdom
1202,536530,22783,SET 3 WICKER OVAL BASKETS W LIDS,1,2010-12-01 13:21:00,19.95,United Kingdom
1203,536530,22097,SWALLOW SQUARE TISSUE BOX,1,2010-12-01 13:21:00,1.25,United Kingdom
1204,536530,82552,WASHROOM METAL SIGN,1,2010-12-01 13:21:00,1.45,United Kingdom
1205,536530,21179,NO JUNK MAIL METAL SIGN,1,2010-12-01 13:21:00,1.25,United Kingdom
1206,536530,22185,SLATE TILE NATURAL HANGING,4,2010-12-01 13:21:00,1.65,United Kingdom
1207,536530,22097,SWALLOW SQUARE TISSUE BOX,1,2010-12-01 13:21:00,1.25,United Kingdom
1208,536530,21662,VINTAGE GLASS COFFEE CADDY,1,2010-12-01 13:21:00,5.95,United Kingdom
1209,536530,85104,SILVER GLASS T-LIGHT SET,8,2010-12-01 13:21:00,2.95,United Kingdom
1210,536530,21654,RIDGED GLASS FINGER BOWL,6,2010-12-01 13:21:00,1.45,United Kingdom
1211,536530,21658,GLASS  BEURRE DISH,1,2010-12-01 13:21:00,3.95,United Kingdom
1212,536530,21664,RIDGED GLASS STORAGE JAR CREAM LID,2,2010-12-01 13:21:00,3.75,United Kingdom
1213,536530,22943,CHRISTMAS LIGHTS 10 VINTAGE BAUBLES,2,2010-12-01 13:21:00,4.95,United Kingdom
1214,536530,22411,JUMBO SHOPPER VINTAGE RED PAISLEY,6,2010-12-01 13:21:00,1.95,United Kingdom
1215,536531,21519,GIN & TONIC DIET GREETING CARD ,24,2010-12-01 13:23:00,0.42,United Kingdom
1216,536531,22819,"BIRTHDAY CARD, RETRO SPOT",24,2010-12-01 13:23:00,0.42,United Kingdom
1217,536531,21506,"FANCY FONT BIRTHDAY CARD, ",24,2010-12-01 13:23:00,0.42,United Kingdom
1218,536531,22704,WRAP RED APPLES ,25,2010-12-01 13:23:00,0.42,United Kingdom
1219,536531,21498,RED RETROSPOT WRAP ,25,2010-12-01 13:23:00,0.42,United Kingdom
1220,536531,15056N,EDWARDIAN PARASOL NATURAL,12,2010-12-01 13:23:00,5.95,United Kingdom
1221,536531,15056BL,EDWARDIAN PARASOL BLACK,12,2010-12-01 13:23:00,5.95,United Kingdom
1222,536531,20679,EDWARDIAN PARASOL RED,12,2010-12-01 13:23:00,5.95,United Kingdom
1223,536531,22049,WRAP CHRISTMAS SCREEN PRINT,25,2010-12-01 13:23:00,0.42,United Kingdom
1224,536531,21498,RED RETROSPOT WRAP ,25,2010-12-01 13:23:00,0.42,United Kingdom
1225,536531,21497,FANCY FONTS BIRTHDAY WRAP,25,2010-12-01 13:23:00,0.42,United Kingdom
1226,536531,21333,CLASSIC WHITE FRAME,12,2010-12-01 13:23:00,2.95,United Kingdom
1227,536531,22727,ALARM CLOCK BAKELIKE RED ,9,2010-12-01 13:23:00,3.75,United Kingdom
1228,536531,22726,ALARM CLOCK BAKELIKE GREEN,9,2010-12-01 13:23:00,3.75,United Kingdom
1229,536531,22730,ALARM CLOCK BAKELIKE IVORY,9,2010-12-01 13:23:00,3.75,United Kingdom
1230,536531,22086,PAPER CHAIN KIT 50'S CHRISTMAS ,80,2010-12-01 13:23:00,2.5499999999999998,United Kingdom
1231,536531,22910,PAPER CHAIN KIT VINTAGE CHRISTMAS,40,2010-12-01 13:23:00,2.5499999999999998,United Kingdom
1232,536531,22194,BLACK DINER WALL CLOCK,2,2010-12-01 13:23:00,8.5,United Kingdom
1233,536531,22192,BLUE DINER WALL CLOCK,4,2010-12-01 13:23:00,8.5,United Kingdom
1234,536531,22193,RED DINER WALL CLOCK,4,2010-12-01 13:23:00,8.5,United Kingdom
1235,536531,22191,IVORY DINER WALL CLOCK,4,2010-12-01 13:23:00,8.5,United Kingdom
1236,536531,22688,DOORMAT PEACE ON EARTH BLUE,4,2010-12-01 13:23:00,7.95,United Kingdom
1237,536531,22768,FAMILY PHOTO FRAME CORNICE,6,2010-12-01 13:23:00,9.9499999999999993,United Kingdom
1238,536532,84692,BOX OF 24 COCKTAIL PARASOLS,50,2010-12-01 13:24:00,0.42,Norway
1239,536532,22444,GROW YOUR OWN PLANT IN A CAN ,96,2010-12-01 13:24:00,1.06,Norway
1240,536532,22899,CHILDREN'S APRON DOLLY GIRL ,8,2010-12-01 13:24:00,2.1,Norway
1241,536532,21156,RETROSPOT CHILDRENS APRON,8,2010-12-01 13:24:00,1.95,Norway
1242,536532,22556,PLASTERS IN TIN CIRCUS PARADE ,24,2010-12-01 13:24:00,1.65,Norway
1243,536532,22555,PLASTERS IN TIN STRONGMAN,36,2010-12-01 13:24:00,1.65,Norway
1244,536532,22554,PLASTERS IN TIN WOODLAND ANIMALS,24,2010-12-01 13:24:00,1.65,Norway
1245,536532,22553,PLASTERS IN TIN SKULLS,24,2010-12-01 13:24:00,1.65,Norway
1246,536532,22551,PLASTERS IN TIN SPACEBOY,24,2010-12-01 13:24:00,1.65,Norway
1247,536532,22547,MINI JIGSAW DINOSAUR ,24,2010-12-01 13:24:00,0.42,Norway
1248,536532,22544,MINI JIGSAW SPACEBOY,24,2010-12-01 13:24:00,0.42,Norway
1249,536532,22543,MINI JIGSAW BAKE A CAKE ,24,2010-12-01 13:24:00,0.42,Norway
1250,536532,22540,MINI JIGSAW CIRCUS PARADE ,24,2010-12-01 13:24:00,0.42,Norway
1251,536532,22539,MINI JIGSAW DOLLY GIRL,24,2010-12-01 13:24:00,0.42,Norway
1252,536532,22534,MAGIC DRAWING SLATE SPACEBOY ,24,2010-12-01 13:24:00,0.42,Norway
1253,536532,22530,MAGIC DRAWING SLATE DOLLY GIRL ,24,2010-12-01 13:24:00,0.42,Norway
1254,536532,22531,MAGIC DRAWING SLATE CIRCUS PARADE  ,24,2010-12-01 13:24:00,0.42,Norway
1255,536532,22561,WOODEN SCHOOL COLOURING SET,24,2010-12-01 13:24:00,1.65,Norway
1256,536532,22489,PACK OF 12 TRADITIONAL CRAYONS,24,2010-12-01 13:24:00,0.42,Norway
1257,536532,22814,CARD PARTY GAMES ,12,2010-12-01 13:24:00,0.42,Norway
1258,536532,21520,BOOZE & WOMEN GREETING CARD ,12,2010-12-01 13:24:00,0.42,Norway
1259,536532,21506,"FANCY FONT BIRTHDAY CARD, ",12,2010-12-01 13:24:00,0.42,Norway
1260,536532,22716,CARD CIRCUS PARADE,12,2010-12-01 13:24:00,0.42,Norway
1261,536532,22866,HAND WARMER SCOTTY DOG DESIGN,12,2010-12-01 13:24:00,2.1,Norway
1262,536532,22632,HAND WARMER RED RETROSPOT,12,2010-12-01 13:24:00,2.1,Norway
1263,536532,22865,HAND WARMER OWL DESIGN,12,2010-12-01 13:24:00,2.1,Norway
1264,536532,22114,HOT WATER BOTTLE TEA AND SYMPATHY,8,2010-12-01 13:24:00,3.95,Norway
1265,536532,21982,PACK OF 12 SUKI TISSUES ,48,2010-12-01 13:24:00,0.28999999999999998,Norway
1266,536532,21981,PACK OF 12 WOODLAND TISSUES ,48,2010-12-01 13:24:00,0.28999999999999998,Norway
1267,536532,21967,PACK OF 12 SKULL TISSUES,48,2010-12-01 13:24:00,0.28999999999999998,Norway
1268,536532,22092,BLUE PAISLEY TISSUE BOX,12,2010-12-01 13:24:00,1.25,Norway
1269,536532,21983,PACK OF 12 BLUE PAISLEY TISSUES ,48,2010-12-01 13:24:00,0.28999999999999998,Norway
1270,536532,22615,PACK OF 12 CIRCUS PARADE TISSUES ,48,2010-12-01 13:24:00,0.28999999999999998,Norway
1271,536532,21980,PACK OF 12 RED RETROSPOT TISSUES ,48,2010-12-01 13:24:00,0.28999999999999998,Norway
1272,536532,22614,PACK OF 12 SPACEBOY TISSUES,48,2010-12-01 13:24:00,0.28999999999999998,Norway
1273,536532,22095,LADS ONLY TISSUE BOX,12,2010-12-01 13:24:00,1.25,Norway
1274,536532,22094,RED RETROSPOT TISSUE BOX,12,2010-12-01 13:24:00,1.25,Norway
1275,536532,21984,PACK OF 12 PINK PAISLEY TISSUES ,48,2010-12-01 13:24:00,0.28999999999999998,Norway
1276,536532,22557,PLASTERS IN TIN VINTAGE PAISLEY ,36,2010-12-01 13:24:00,1.65,Norway
1277,536532,21786,POLKADOT RAIN HAT ,24,2010-12-01 13:24:00,0.42,Norway
1278,536532,21080,SET/20 RED RETROSPOT PAPER NAPKINS ,36,2010-12-01 13:24:00,0.85,Norway
1279,536532,22963,JAM JAR WITH GREEN LID,12,2010-12-01 13:24:00,0.85,Norway
1280,536532,22962,JAM JAR WITH PINK LID,12,2010-12-01 13:24:00,0.85,Norway
1281,536532,22961,JAM MAKING SET PRINTED,24,2010-12-01 13:24:00,1.45,Norway
1282,536532,84375,SET OF 20 KIDS COOKIE CUTTERS,24,2010-12-01 13:24:00,2.1,Norway
1283,536532,22966,GINGERBREAD MAN COOKIE CUTTER,24,2010-12-01 13:24:00,1.25,Norway
1284,536532,21874,GIN AND TONIC MUG,24,2010-12-01 13:24:00,1.25,Norway
1285,536532,21873,IF YOU CAN'T STAND THE HEAT MUG,24,2010-12-01 13:24:00,1.25,Norway
1286,536532,21870,I CAN ONLY PLEASE ONE PERSON MUG,24,2010-12-01 13:24:00,1.25,Norway
1287,536532,22956,36 FOIL HEART CAKE CASES,12,2010-12-01 13:24:00,2.1,Norway
1288,536532,84050,PINK HEART SHAPE EGG FRYING PAN,72,2010-12-01 13:24:00,1.25,Norway
1289,536532,84991,60 TEATIME FAIRY CAKE CASES,24,2010-12-01 13:24:00,0.55000000000000004,Norway
1290,536532,84992,72 SWEETHEART FAIRY CAKE CASES,24,2010-12-01 13:24:00,0.55000000000000004,Norway
1291,536532,21213,PACK OF 72 SKULL CAKE CASES,24,2010-12-01 13:24:00,0.55000000000000004,Norway
1292,536532,21977,PACK OF 60 PINK PAISLEY CAKE CASES,24,2010-12-01 13:24:00,0.55000000000000004,Norway
1293,536532,21212,PACK OF 72 RETROSPOT CAKE CASES,24,2010-12-01 13:24:00,0.55000000000000004,Norway
1294,536532,22198,LARGE POPCORN HOLDER ,48,2010-12-01 13:24:00,1.65,Norway
1295,536532,22197,SMALL POPCORN HOLDER,72,2010-12-01 13:24:00,0.85,Norway
1296,536532,22315,200 RED + WHITE BENDY STRAWS,12,2010-12-01 13:24:00,1.25,Norway
1297,536532,22667,RECIPE BOX RETROSPOT ,12,2010-12-01 13:24:00,2.95,Norway
1298,536532,22666,RECIPE BOX PANTRY YELLOW DESIGN,12,2010-12-01 13:24:00,2.95,Norway
1299,536532,22665,RECIPE BOX BLUE SKETCHBOOK DESIGN,12,2010-12-01 13:24:00,2.95,Norway
1300,536532,22558,CLOTHES PEGS RETROSPOT PACK 24 ,24,2010-12-01 13:24:00,1.49,Norway
1301,536532,22567,20 DOLLY PEGS RETROSPOT,24,2010-12-01 13:24:00,1.25,Norway
1302,536532,85150,LADIES & GENTLEMEN METAL SIGN,12,2010-12-01 13:24:00,2.5499999999999998,Norway
1303,536532,21166,COOK WITH WINE METAL SIGN ,12,2010-12-01 13:24:00,1.95,Norway
1304,536532,85152,HAND OVER THE CHOCOLATE   SIGN ,24,2010-12-01 13:24:00,2.1,Norway
1305,536532,82600,NO SINGING METAL SIGN,24,2010-12-01 13:24:00,2.1,Norway
1306,536532,21733,RED HANGING HEART T-LIGHT HOLDER,6,2010-12-01 13:24:00,2.95,Norway
1307,536532,20685,DOORMAT RED RETROSPOT,2,2010-12-01 13:24:00,7.95,Norway
1308,536532,22842,BISCUIT TIN VINTAGE RED,6,2010-12-01 13:24:00,6.75,Norway
1309,536532,22494,EMERGENCY FIRST AID TIN ,24,2010-12-01 13:24:00,1.25,Norway
1310,536532,21260,FIRST AID TIN,12,2010-12-01 13:24:00,3.25,Norway
1311,536533,20754,RETROSPOT RED WASHING UP GLOVES,6,2010-12-01 13:31:00,2.1,United Kingdom
1312,536533,22740,POLKADOT PEN,48,2010-12-01 13:31:00,0.85,United Kingdom
1313,536533,22825,DECORATIVE PLANT POT WITH FRIEZE,2,2010-12-01 13:31:00,7.95,United Kingdom
1314,536533,22680,FRENCH BLUE METAL DOOR SIGN 5,20,2010-12-01 13:31:00,1.25,United Kingdom
1315,536533,22797,CHEST OF DRAWERS GINGHAM HEART ,3,2010-12-01 13:31:00,16.95,United Kingdom
1316,536533,21843,RED RETROSPOT CAKE STAND,1,2010-12-01 13:31:00,10.95,United Kingdom
1317,536534,22866,HAND WARMER SCOTTY DOG DESIGN,12,2010-12-01 13:33:00,2.1,United Kingdom
1318,536534,22834,HAND WARMER BABUSHKA DESIGN,12,2010-12-01 13:33:00,2.1,United Kingdom
1319,536534,22865,HAND WARMER OWL DESIGN,12,2010-12-01 13:33:00,2.1,United Kingdom
1320,536534,22867,HAND WARMER BIRD DESIGN,12,2010-12-01 13:33:00,2.1,United Kingdom
1321,536534,22112,CHOCOLATE HOT WATER BOTTLE,3,2010-12-01 13:33:00,4.95,United Kingdom
1322,536535,22943,CHRISTMAS LIGHTS 10 VINTAGE BAUBLES,3,2010-12-01 13:38:00,4.95,United Kingdom
1323,536535,22118,JOY WOODEN BLOCK LETTERS,3,2010-12-01 13:38:00,4.95,United Kingdom
1324,536535,22121,NOEL WOODEN BLOCK LETTERS ,3,2010-12-01 13:38:00,5.95,United Kingdom
1325,536535,22119,PEACE WOODEN BLOCK LETTERS,3,2010-12-01 13:38:00,6.95,United Kingdom
1326,536535,21485,RETROSPOT HEART HOT WATER BOTTLE,3,2010-12-01 13:38:00,4.95,United Kingdom
1327,536535,22219,LOVEBIRD HANGING DECORATION WHITE ,12,2010-12-01 13:38:00,0.85,United Kingdom
1328,536535,21523,DOORMAT FANCY FONT HOME SWEET HOME,2,2010-12-01 13:38:00,7.95,United Kingdom
1329,536535,48194,DOORMAT HEARTS,2,2010-12-01 13:38:00,7.95,United Kingdom
1330,536535,20685,DOORMAT RED RETROSPOT,2,2010-12-01 13:38:00,7.95,United Kingdom
1331,536535,21156,RETROSPOT CHILDRENS APRON,8,2010-12-01 13:38:00,1.95,United Kingdom
1332,536535,22418,10 COLOUR SPACEBOY PEN,24,2010-12-01 13:38:00,0.85,United Kingdom
1333,536535,22311,OFFICE MUG WARMER BLACK+SILVER ,6,2010-12-01 13:38:00,2.95,United Kingdom
1334,536536,21485,RETROSPOT HEART HOT WATER BOTTLE,3,2010-12-01 13:45:00,4.95,United Kingdom
1335,536536,84879,ASSORTED COLOUR BIRD ORNAMENT,80,2010-12-01 13:45:00,1.69,United Kingdom
1336,536536,72817,SET OF 2 CHRISTMAS DECOUPAGE CANDLE,12,2010-12-01 13:45:00,1.25,United Kingdom
1337,536537,22277,COSMETIC BAG VINTAGE ROSE PAISLEY,36,2010-12-01 13:51:00,2.1,United Kingdom
1338,536537,22333,RETROSPOT PARTY BAG + STICKER SET,8,2010-12-01 13:51:00,1.65,United Kingdom
1339,536537,20867,PINK ROSE FABRIC MIRROR,36,2010-12-01 13:51:00,1.25,United Kingdom
1340,536537,21688,SILVER PLATE CANDLE BOWL SMALL,12,2010-12-01 13:51:00,2.95,United Kingdom
1341,536537,21694,SMALL REGAL  SILVER CANDLEPOT ,12,2010-12-01 13:51:00,2.95,United Kingdom
1342,536537,22183,CAKE STAND VICTORIAN FILIGREE MED,6,2010-12-01 13:51:00,6.75,United Kingdom
1343,536537,22423,REGENCY CAKESTAND 3 TIER,2,2010-12-01 13:51:00,12.75,United Kingdom
1344,536537,22798,ANTIQUE GLASS DRESSING TABLE POT,8,2010-12-01 13:51:00,2.95,United Kingdom
1345,536537,22800,ANTIQUE TALL SWIRLGLASS TRINKET POT,8,2010-12-01 13:51:00,3.75,United Kingdom
1346,536537,22801,ANTIQUE GLASS PEDESTAL BOWL,8,2010-12-01 13:51:00,3.75,United Kingdom
1347,536537,22781,GUMBALL MAGAZINE RACK,2,2010-12-01 13:51:00,7.65,United Kingdom
1348,536538,21466,RED FLOWER CROCHET FOOD COVER,1,2010-12-01 13:54:00,3.75,United Kingdom
1349,536538,21467,CHERRY CROCHET FOOD COVER,1,2010-12-01 13:54:00,3.75,United Kingdom
1350,536538,21471,STRAWBERRY RAFFIA FOOD COVER,1,2010-12-01 13:54:00,3.75,United Kingdom
1351,536538,21469,POLKA DOT RAFFIA FOOD COVER,1,2010-12-01 13:54:00,3.75,United Kingdom
1352,536538,21523,DOORMAT FANCY FONT HOME SWEET HOME,1,2010-12-01 13:54:00,7.95,United Kingdom
1353,536538,48129,DOORMAT TOPIARY,1,2010-12-01 13:54:00,7.95,United Kingdom
1354,536538,21524,DOORMAT SPOTTY HOME SWEET HOME,1,2010-12-01 13:54:00,7.95,United Kingdom
1355,536538,22791,T-LIGHT GLASS FLUTED ANTIQUE,12,2010-12-01 13:54:00,1.25,United Kingdom
1356,536538,84949,SILVER HANGING T-LIGHT HOLDER,6,2010-12-01 13:54:00,1.65,United Kingdom
1357,536538,22086,PAPER CHAIN KIT 50'S CHRISTMAS ,5,2010-12-01 13:54:00,2.95,United Kingdom
1358,536538,22910,PAPER CHAIN KIT VINTAGE CHRISTMAS,5,2010-12-01 13:54:00,2.95,United Kingdom
1359,536538,22457,NATURAL SLATE HEART CHALKBOARD ,2,2010-12-01 13:54:00,2.95,United Kingdom
1360,536538,21690,SILVER  CANDLEPOT JARDIN ,4,2010-12-01 13:54:00,3.75,United Kingdom
1361,536538,22752,SET 7 BABUSHKA NESTING BOXES,2,2010-12-01 13:54:00,8.5,United Kingdom
1362,536538,37343,POLKADOT MUG PINK ,6,2010-12-01 13:54:00,1.65,United Kingdom
1363,536538,22088,PAPER BUNTING COLOURED LACE,1,2010-12-01 13:54:00,2.95,United Kingdom
1364,536538,22195,LARGE HEART MEASURING SPOONS,5,2010-12-01 13:54:00,1.65,United Kingdom
1365,536538,22470,HEART OF WICKER LARGE,2,2010-12-01 13:54:00,2.95,United Kingdom
1366,536538,22469,HEART OF WICKER SMALL,8,2010-12-01 13:54:00,1.65,United Kingdom
1367,536538,22173,METAL 4 HOOK HANGER FRENCH CHATEAU,2,2010-12-01 13:54:00,2.95,United Kingdom
1368,536538,22584,PACK OF 6 PANNETONE GIFT BOXES,2,2010-12-01 13:54:00,2.5499999999999998,United Kingdom
1369,536538,22583,PACK OF 6 HANDBAG GIFT BOXES,2,2010-12-01 13:54:00,2.5499999999999998,United Kingdom
1370,536538,21143,ANTIQUE GLASS HEART DECORATION ,3,2010-12-01 13:54:00,1.95,United Kingdom
1371,536538,84944,SET OF 6 KASHMIR FOLKART BAUBLES,2,2010-12-01 13:54:00,4.25,United Kingdom
1372,536538,22601,CHRISTMAS RETROSPOT ANGEL WOOD,10,2010-12-01 13:54:00,0.85,United Kingdom
1373,536538,22603,CHRISTMAS RETROSPOT TREE WOOD,10,2010-12-01 13:54:00,0.85,United Kingdom
1374,536538,22600,CHRISTMAS RETROSPOT STAR WOOD,10,2010-12-01 13:54:00,0.85,United Kingdom
1375,536538,22574,HEART WOODEN CHRISTMAS DECORATION,10,2010-12-01 13:54:00,0.85,United Kingdom
1376,536538,22573,STAR WOODEN CHRISTMAS DECORATION,10,2010-12-01 13:54:00,0.85,United Kingdom
1377,536538,85199L,LARGE HANGING IVORY & RED WOOD BIRD,10,2010-12-01 13:54:00,0.65,United Kingdom
1378,536538,85199S,SMALL HANGING IVORY/RED WOOD BIRD,10,2010-12-01 13:54:00,0.42,United Kingdom
1379,536539,22969,HOMEMADE JAM SCENTED CANDLES,12,2010-12-01 14:03:00,1.45,United Kingdom
1380,536539,72741,GRAND CHOCOLATECANDLE,18,2010-12-01 14:03:00,1.45,United Kingdom
1381,536539,37495,FAIRY CAKE BIRTHDAY CANDLE SET,4,2010-12-01 14:03:00,3.75,United Kingdom
1382,536539,22807,SET OF 6 T-LIGHTS TOADSTOOLS,6,2010-12-01 14:03:00,2.95,United Kingdom
1383,536539,22171,3 HOOK PHOTO SHELF ANTIQUE WHITE,2,2010-12-01 14:03:00,8.5,United Kingdom
1384,536539,82486,WOOD S/3 CABINET ANT WHITE FINISH,2,2010-12-01 14:03:00,7.95,United Kingdom
1385,536539,22173,METAL 4 HOOK HANGER FRENCH CHATEAU,8,2010-12-01 14:03:00,2.95,United Kingdom
1386,536539,85067,CREAM SWEETHEART WALL CABINET,1,2010-12-01 14:03:00,18.95,United Kingdom
1387,536539,48184,DOORMAT ENGLISH ROSE ,2,2010-12-01 14:03:00,7.95,United Kingdom
1388,536539,48138,DOORMAT UNION FLAG,2,2010-12-01 14:03:00,7.95,United Kingdom
1389,536539,48129,DOORMAT TOPIARY,2,2010-12-01 14:03:00,7.95,United Kingdom
1390,536539,21625,VINTAGE UNION JACK APRON,3,2010-12-01 14:03:00,6.95,United Kingdom
1391,536539,22326,ROUND SNACK BOXES SET OF4 WOODLAND ,6,2010-12-01 14:03:00,2.95,United Kingdom
1392,536539,22423,REGENCY CAKESTAND 3 TIER,2,2010-12-01 14:03:00,12.75,United Kingdom
1393,536539,21743,STAR PORTABLE TABLE LIGHT ,6,2010-12-01 14:03:00,2.95,United Kingdom
1394,536539,22557,PLASTERS IN TIN VINTAGE PAISLEY ,12,2010-12-01 14:03:00,1.65,United Kingdom
1395,536539,22554,PLASTERS IN TIN WOODLAND ANIMALS,12,2010-12-01 14:03:00,1.65,United Kingdom
1396,536539,85019A,ROMANTIC IMAGES NOTEBOOK SET,4,2010-12-01 14:03:00,4.25,United Kingdom
1397,536539,85019C,CURIOUS  IMAGES NOTEBOOK SET,3,2010-12-01 14:03:00,4.25,United Kingdom
1398,536539,20902,VINTAGE KEEPSAKE BOX PARIS DAYS,2,2010-12-01 14:03:00,6.35,United Kingdom
1399,536539,21429,RED GINGHAM ROSE JEWELLERY BOX,8,2010-12-01 14:03:00,1.65,United Kingdom
1400,536539,22867,HAND WARMER BIRD DESIGN,12,2010-12-01 14:03:00,2.1,United Kingdom
1401,536539,22632,HAND WARMER RED RETROSPOT,12,2010-12-01 14:03:00,2.1,United Kingdom
1402,536539,84030E,ENGLISH ROSE HOT WATER BOTTLE,4,2010-12-01 14:03:00,4.25,United Kingdom
1403,536539,22114,HOT WATER BOTTLE TEA AND SYMPATHY,4,2010-12-01 14:03:00,3.95,United Kingdom
1404,536539,21481,FAWN BLUE HOT WATER BOTTLE,6,2010-12-01 14:03:00,2.95,United Kingdom
1405,536539,22379,RECYCLING BAG RETROSPOT ,5,2010-12-01 14:03:00,2.1,United Kingdom
1406,536540,22968,ROSE COTTAGE KEEPSAKE BOX ,4,2010-12-01 14:05:00,9.9499999999999993,EIRE
1407,536540,85071A,BLUE CHARLIE+LOLA PERSONAL DOORSIGN,6,2010-12-01 14:05:00,2.95,EIRE
1408,536540,85071C,"CHARLIE+LOLA""EXTREMELY BUSY"" SIGN",6,2010-12-01 14:05:00,2.5499999999999998,EIRE
1409,536540,22355,CHARLOTTE BAG SUKI DESIGN,50,2010-12-01 14:05:00,0.85,EIRE
1410,536540,21579,LOLITA  DESIGN  COTTON TOTE BAG,6,2010-12-01 14:05:00,2.25,EIRE
1411,536540,21576,LETS GO SHOPPING COTTON TOTE BAG,6,2010-12-01 14:05:00,2.25,EIRE
1412,536540,22147,FELTCRAFT BUTTERFLY HEARTS,12,2010-12-01 14:05:00,1.45,EIRE
1413,536540,22150,3 STRIPEY MICE FELTCRAFT,12,2010-12-01 14:05:00,1.95,EIRE
1414,536540,22492,MINI PAINT SET VINTAGE ,36,2010-12-01 14:05:00,0.65,EIRE
1415,536540,22493,PAINT YOUR OWN CANVAS SET,24,2010-12-01 14:05:00,1.65,EIRE
1416,536540,21833,CAMOUFLAGE LED TORCH,12,2010-12-01 14:05:00,1.69,EIRE
1417,536540,85135B,BLUE DRAGONFLY HELICOPTER,2,2010-12-01 14:05:00,7.95,EIRE
1418,536540,85136A,YELLOW SHARK HELICOPTER,2,2010-12-01 14:05:00,7.95,EIRE
1419,536540,85136C,RED SHARK HELICOPTER,2,2010-12-01 14:05:00,7.95,EIRE
1420,536540,21055,TOOL BOX SOFT TOY ,4,2010-12-01 14:05:00,8.9499999999999993,EIRE
1421,536540,21056,DOCTOR'S BAG SOFT TOY,4,2010-12-01 14:05:00,8.9499999999999993,EIRE
1422,536540,21889,WOODEN BOX OF DOMINOES,24,2010-12-01 14:05:00,1.25,EIRE
1423,536540,21891,TRADITIONAL WOODEN SKIPPING ROPE,12,2010-12-01 14:05:00,1.25,EIRE
1424,536540,22622,BOX OF VINTAGE ALPHABET BLOCKS,6,2010-12-01 14:05:00,9.9499999999999993,EIRE
1425,536540,C2,CARRIAGE,1,2010-12-01 14:05:00,50,EIRE
1426,536541,21915,RED  HARMONICA IN BOX ,12,2010-12-01 14:05:00,1.25,EIRE
1427,536542,22382,LUNCH BAG SPACEBOY DESIGN ,10,2010-12-01 14:11:00,1.65,United Kingdom
1428,536542,20727,LUNCH BAG  BLACK SKULL.,10,2010-12-01 14:11:00,1.65,United Kingdom
1429,536542,22383,LUNCH BAG SUKI  DESIGN ,20,2010-12-01 14:11:00,1.65,United Kingdom
1430,536542,22386,JUMBO BAG PINK POLKADOT,30,2010-12-01 14:11:00,1.95,United Kingdom
1431,536542,85099B,JUMBO BAG RED RETROSPOT,40,2010-12-01 14:11:00,1.95,United Kingdom
1432,536542,22379,RECYCLING BAG RETROSPOT ,20,2010-12-01 14:11:00,2.1,United Kingdom
1433,536542,20712,JUMBO BAG WOODLAND ANIMALS,20,2010-12-01 14:11:00,1.95,United Kingdom
1434,536542,85099F,JUMBO BAG STRAWBERRY,30,2010-12-01 14:11:00,1.95,United Kingdom
1435,536542,85099C,JUMBO  BAG BAROQUE BLACK WHITE,20,2010-12-01 14:11:00,1.95,United Kingdom
1436,536542,21930,JUMBO STORAGE BAG SKULLS,20,2010-12-01 14:11:00,1.95,United Kingdom
1437,536542,21928,JUMBO BAG SCANDINAVIAN PAISLEY,20,2010-12-01 14:11:00,1.95,United Kingdom
1438,536542,22411,JUMBO SHOPPER VINTAGE RED PAISLEY,30,2010-12-01 14:11:00,1.95,United Kingdom
1439,536542,21931,JUMBO STORAGE BAG SUKI,40,2010-12-01 14:11:00,1.95,United Kingdom
1440,536542,20711,JUMBO BAG TOYS ,20,2010-12-01 14:11:00,1.95,United Kingdom
1441,536542,20713,JUMBO BAG OWLS,30,2010-12-01 14:11:00,1.95,United Kingdom
1442,536542,85123A,WHITE HANGING HEART T-LIGHT HOLDER,32,2010-12-01 14:11:00,2.95,United Kingdom
1443,C536543,22632,HAND WARMER RED RETROSPOT,-1,2010-12-01 14:30:00,2.1,United Kingdom
1444,C536543,22355,CHARLOTTE BAG SUKI DESIGN,-2,2010-12-01 14:30:00,0.85,United Kingdom
1445,536544,21773,DECORATIVE ROSE BATHROOM BOTTLE,1,2010-12-01 14:32:00,2.5099999999999998,United Kingdom
1446,536544,21774,DECORATIVE CATS BATHROOM BOTTLE,2,2010-12-01 14:32:00,2.5099999999999998,United Kingdom
1447,536544,21786,POLKADOT RAIN HAT ,4,2010-12-01 14:32:00,0.85,United Kingdom
1448,536544,21787,RAIN PONCHO RETROSPOT,2,2010-12-01 14:32:00,1.66,United Kingdom
1449,536544,21790,VINTAGE SNAP CARDS,9,2010-12-01 14:32:00,1.66,United Kingdom
1450,536544,21791,VINTAGE HEADS AND TAILS CARD GAME ,2,2010-12-01 14:32:00,2.5099999999999998,United Kingdom
1451,536544,21801,CHRISTMAS TREE DECORATION WITH BELL,10,2010-12-01 14:32:00,0.43,United Kingdom
1452,536544,21802,CHRISTMAS TREE HEART DECORATION,9,2010-12-01 14:32:00,0.43,United Kingdom
1453,536544,21803,CHRISTMAS TREE STAR DECORATION,11,2010-12-01 14:32:00,0.43,United Kingdom
1454,536544,21809,CHRISTMAS HANGING TREE WITH BELL,1,2010-12-01 14:32:00,2.5099999999999998,United Kingdom
1455,536544,21810,CHRISTMAS HANGING STAR WITH BELL,3,2010-12-01 14:32:00,2.5099999999999998,United Kingdom
1456,536544,21811,CHRISTMAS HANGING HEART WITH BELL,1,2010-12-01 14:32:00,2.5099999999999998,United Kingdom
1457,536544,21821,GLITTER STAR GARLAND WITH BELLS ,1,2010-12-01 14:32:00,7.62,United Kingdom
1458,536544,21822,GLITTER CHRISTMAS TREE WITH BELLS,1,2010-12-01 14:32:00,4.21,United Kingdom
1459,536544,21823,PAINTED METAL HEART WITH HOLLY BELL,2,2010-12-01 14:32:00,2.98,United Kingdom
1460,536544,21844,RED RETROSPOT MUG,2,2010-12-01 14:32:00,5.91,United Kingdom
1461,536544,21851,LILAC DIAMANTE PEN IN GIFT BOX,1,2010-12-01 14:32:00,4.21,United Kingdom
1462,536544,21870,I CAN ONLY PLEASE ONE PERSON MUG,1,2010-12-01 14:32:00,3.36,United Kingdom
1463,536544,21871,SAVE THE PLANET MUG,5,2010-12-01 14:32:00,3.36,United Kingdom
1464,536544,21874,GIN AND TONIC MUG,1,2010-12-01 14:32:00,3.36,United Kingdom
1465,536544,21879,HEARTS GIFT TAPE,1,2010-12-01 14:32:00,1.66,United Kingdom
1466,536544,21884,CAKES AND BOWS GIFT  TAPE,1,2010-12-01 14:32:00,1.66,United Kingdom
1467,536544,21888,BINGO SET,1,2010-12-01 14:32:00,7.62,United Kingdom
1468,536544,21889,WOODEN BOX OF DOMINOES,2,2010-12-01 14:32:00,2.5099999999999998,United Kingdom
1469,536544,21892,TRADITIONAL WOODEN CATCH CUP GAME ,3,2010-12-01 14:32:00,2.5099999999999998,United Kingdom
1470,536544,21894,POTTING SHED SEED ENVELOPES,1,2010-12-01 14:32:00,2.5099999999999998,United Kingdom
1471,536544,21911,GARDEN METAL SIGN ,1,2010-12-01 14:32:00,3.36,United Kingdom
1472,536544,21912,VINTAGE SNAKES & LADDERS,3,2010-12-01 14:32:00,7.62,United Kingdom
1473,536544,21913,VINTAGE SEASIDE JIGSAW PUZZLES,1,2010-12-01 14:32:00,7.62,United Kingdom
1474,536544,21914,BLUE HARMONICA IN BOX ,3,2010-12-01 14:32:00,2.5099999999999998,United Kingdom
1475,536544,21915,RED  HARMONICA IN BOX ,2,2010-12-01 14:32:00,2.5099999999999998,United Kingdom
1476,536544,21922,UNION STRIPE WITH FRINGE  HAMMOCK,2,2010-12-01 14:32:00,16.98,United Kingdom
1477,536544,21928,JUMBO BAG SCANDINAVIAN PAISLEY,1,2010-12-01 14:32:00,4.21,United Kingdom
1478,536544,21935,SUKI  SHOULDER BAG,1,2010-12-01 14:32:00,3.36,United Kingdom
1479,536544,21942,SKULLS DESIGN FLANNEL,2,2010-12-01 14:32:00,1.66,United Kingdom
1480,536544,21944,KITTENS DESIGN FLANNEL,1,2010-12-01 14:32:00,1.66,United Kingdom
1481,536544,21949,SET OF 6 STRAWBERRY CHOPSTICKS,1,2010-12-01 14:32:00,2.5099999999999998,United Kingdom
1482,536544,21975,PACK OF 60 DINOSAUR CAKE CASES,1,2010-12-01 14:32:00,1.28,United Kingdom
1483,536544,21977,PACK OF 60 PINK PAISLEY CAKE CASES,1,2010-12-01 14:32:00,1.28,United Kingdom
1484,536544,21982,PACK OF 12 SUKI TISSUES ,1,2010-12-01 14:32:00,0.85,United Kingdom
1485,536544,21990,MODERN FLORAL STATIONERY SET,2,2010-12-01 14:32:00,2.5099999999999998,United Kingdom
1486,536544,21991,BOHEMIAN COLLAGE STATIONERY SET,1,2010-12-01 14:32:00,2.5099999999999998,United Kingdom
1487,536544,21992,VINTAGE PAISLEY STATIONERY SET,6,2010-12-01 14:32:00,2.5099999999999998,United Kingdom
1488,536544,21993,FLORAL FOLK STATIONERY SET,4,2010-12-01 14:32:00,2.5099999999999998,United Kingdom
1489,536544,22037,ROBOT BIRTHDAY CARD,1,2010-12-01 14:32:00,0.85,United Kingdom
1490,536544,22043,CHRISTMAS CARD SCREEN PRINT ,1,2010-12-01 14:32:00,0.43,United Kingdom
1491,536544,22064,PINK DOUGHNUT TRINKET POT ,1,2010-12-01 14:32:00,3.36,United Kingdom
1492,536544,22065,CHRISTMAS PUDDING TRINKET POT ,1,2010-12-01 14:32:00,3.36,United Kingdom
1493,536544,22067,CHOC TRUFFLE GOLD TRINKET POT ,1,2010-12-01 14:32:00,3.36,United Kingdom
1494,536544,22068,BLACK PIRATE TREASURE CHEST,1,2010-12-01 14:32:00,3.36,United Kingdom
1495,536544,22069,BROWN  PIRATE TREASURE CHEST ,1,2010-12-01 14:32:00,3.36,United Kingdom
1496,536544,22071,SMALL WHITE RETROSPOT MUG IN BOX ,1,2010-12-01 14:32:00,7.62,United Kingdom
1497,536544,22075,6 RIBBONS ELEGANT CHRISTMAS ,1,2010-12-01 14:32:00,3.36,United Kingdom
1498,536544,22076,6 RIBBONS EMPIRE  ,1,2010-12-01 14:32:00,3.36,United Kingdom
1499,536544,22077,6 RIBBONS RUSTIC CHARM,3,2010-12-01 14:32:00,3.36,United Kingdom
1500,536544,22080,RIBBON REEL POLKADOTS ,1,2010-12-01 14:32:00,3.36,United Kingdom
1501,536544,22081,RIBBON REEL FLORA + FAUNA ,1,2010-12-01 14:32:00,3.36,United Kingdom
1502,536544,22082,RIBBON REEL STRIPES DESIGN ,1,2010-12-01 14:32:00,3.36,United Kingdom
1503,536544,22083,PAPER CHAIN KIT RETROSPOT,4,2010-12-01 14:32:00,5.91,United Kingdom
1504,536544,22086,PAPER CHAIN KIT 50'S CHRISTMAS ,33,2010-12-01 14:32:00,5.91,United Kingdom
1505,536544,22087,PAPER BUNTING WHITE LACE,2,2010-12-01 14:32:00,5.91,United Kingdom
1506,536544,22090,PAPER BUNTING RETROSPOT,1,2010-12-01 14:32:00,5.91,United Kingdom
1507,536544,22095,LADS ONLY TISSUE BOX,2,2010-12-01 14:32:00,2.5099999999999998,United Kingdom
1508,536544,22100,SKULLS SQUARE TISSUE BOX,1,2010-12-01 14:32:00,2.5099999999999998,United Kingdom
1509,536544,22107,PIZZA PLATE IN BOX,1,2010-12-01 14:32:00,7.62,United Kingdom
1510,536544,22110,BIRD HOUSE HOT WATER BOTTLE,2,2010-12-01 14:32:00,7.62,United Kingdom
1511,536544,22111,SCOTTIE DOG HOT WATER BOTTLE,2,2010-12-01 14:32:00,11.02,United Kingdom
1512,536544,22112,CHOCOLATE HOT WATER BOTTLE,2,2010-12-01 14:32:00,11.02,United Kingdom
1513,536544,22114,HOT WATER BOTTLE TEA AND SYMPATHY,3,2010-12-01 14:32:00,8.4700000000000006,United Kingdom
1514,536544,22115,METAL SIGN EMPIRE TEA,2,2010-12-01 14:32:00,5.91,United Kingdom
1515,536544,22130,PARTY CONE CHRISTMAS DECORATION ,2,2010-12-01 14:32:00,8.4700000000000006,United Kingdom
1516,536544,22134,LADLE LOVE HEART RED ,1,2010-12-01 14:32:00,0.85,United Kingdom
1517,536544,22135,LADLE LOVE HEART PINK,5,2010-12-01 14:32:00,0.85,United Kingdom
1518,536544,22141,CHRISTMAS CRAFT TREE TOP ANGEL,4,2010-12-01 14:32:00,4.21,United Kingdom
1519,536544,22144,CHRISTMAS CRAFT LITTLE FRIENDS,4,2010-12-01 14:32:00,4.21,United Kingdom
1520,536544,22149,FELTCRAFT 6 FLOWER FRIENDS,1,2010-12-01 14:32:00,4.21,United Kingdom
1521,536544,22153,ANGEL DECORATION STARS ON DRESS,1,2010-12-01 14:32:00,0.85,United Kingdom
1522,536544,22154,ANGEL DECORATION 3 BUTTONS ,1,2010-12-01 14:32:00,0.85,United Kingdom
1523,536544,22155,STAR DECORATION RUSTIC,3,2010-12-01 14:32:00,0.85,United Kingdom
1524,536544,22156,HEART DECORATION WITH PEARLS ,3,2010-12-01 14:32:00,1.66,United Kingdom
1525,536544,22161,HEART DECORATION RUSTIC HANGING ,10,2010-12-01 14:32:00,0.81,United Kingdom
1526,536544,22162,HEART GARLAND RUSTIC PADDED,2,2010-12-01 14:32:00,3.36,United Kingdom
1527,536544,22169,FAMILY ALBUM WHITE PICTURE FRAME,1,2010-12-01 14:32:00,16.98,United Kingdom
1528,536544,22174,PHOTO CUBE,2,2010-12-01 14:32:00,3.36,United Kingdom
1529,536544,22178,VICTORIAN GLASS HANGING T-LIGHT,13,2010-12-01 14:32:00,2.5099999999999998,United Kingdom
1530,536544,22182,CAKE STAND VICTORIAN FILIGREE SMALL,1,2010-12-01 14:32:00,4.21,United Kingdom
1531,536544,22185,SLATE TILE NATURAL HANGING,1,2010-12-01 14:32:00,3.36,United Kingdom
1532,536544,22189,CREAM HEART CARD HOLDER,1,2010-12-01 14:32:00,8.4700000000000006,United Kingdom
1533,536544,22190,LOCAL CAFE MUG,3,2010-12-01 14:32:00,2.5099999999999998,United Kingdom
1534,536544,22195,LARGE HEART MEASURING SPOONS,1,2010-12-01 14:32:00,3.36,United Kingdom
1535,536544,22196,SMALL HEART MEASURING SPOONS,2,2010-12-01 14:32:00,1.66,United Kingdom
1536,536544,22197,SMALL POPCORN HOLDER,2,2010-12-01 14:32:00,1.66,United Kingdom
1537,536544,22198,LARGE POPCORN HOLDER ,4,2010-12-01 14:32:00,3.36,United Kingdom
1538,536544,22203,MILK PAN RED RETROSPOT,1,2010-12-01 14:32:00,7.62,United Kingdom
1539,536544,22207,FRYING PAN UNION FLAG,1,2010-12-01 14:32:00,8.4700000000000006,United Kingdom
1540,536544,22219,LOVEBIRD HANGING DECORATION WHITE ,3,2010-12-01 14:32:00,1.66,United Kingdom
1541,536544,22224,WHITE LOVEBIRD LANTERN,1,2010-12-01 14:32:00,5.91,United Kingdom
1542,536544,22265,EASTER DECORATION NATURAL CHICK,2,2010-12-01 14:32:00,1.28,United Kingdom
1543,536544,22276,WASH BAG VINTAGE ROSE PAISLEY,1,2010-12-01 14:32:00,5.91,United Kingdom
1544,536544,22294,HEART FILIGREE DOVE  SMALL,4,2010-12-01 14:32:00,2.5099999999999998,United Kingdom
1545,536544,22296,HEART IVORY TRELLIS LARGE,1,2010-12-01 14:32:00,3.36,United Kingdom
1546,536544,22297,HEART IVORY TRELLIS SMALL,1,2010-12-01 14:32:00,2.5099999999999998,United Kingdom
1547,536544,22299,PIG KEYRING WITH LIGHT & SOUND ,1,2010-12-01 14:32:00,2.5099999999999998,United Kingdom
1548,536544,22300,COFFEE MUG DOG + BALL DESIGN,1,2010-12-01 14:32:00,5.0599999999999996,United Kingdom
1549,536544,22301,COFFEE MUG CAT + BIRD DESIGN,2,2010-12-01 14:32:00,5.0599999999999996,United Kingdom
1550,536544,22309,TEA COSY RED  STRIPE,1,2010-12-01 14:32:00,5.0599999999999996,United Kingdom
1551,536544,22310,IVORY KNITTED MUG COSY ,9,2010-12-01 14:32:00,3.36,United Kingdom
1552,536544,22314,OFFICE MUG WARMER CHOC+BLUE,1,2010-12-01 14:32:00,5.91,United Kingdom
1553,536544,22318,FIVE HEART HANGING DECORATION,1,2010-12-01 14:32:00,5.91,United Kingdom
1554,536544,22335,HEART DECORATION PAINTED ZINC ,4,2010-12-01 14:32:00,1.28,United Kingdom
1555,536544,22336,DOVE DECORATION PAINTED ZINC ,4,2010-12-01 14:32:00,1.28,United Kingdom
1556,536544,22345,PARTY PIZZA DISH BLUE POLKADOT,1,2010-12-01 14:32:00,1.66,United Kingdom
1557,536544,22348,TEA BAG PLATE RED RETROSPOT,3,2010-12-01 14:32:00,1.66,United Kingdom
1558,536544,22355,CHARLOTTE BAG SUKI DESIGN,3,2010-12-01 14:32:00,1.66,United Kingdom
1559,536544,22356,CHARLOTTE BAG PINK POLKADOT,9,2010-12-01 14:32:00,1.66,United Kingdom
1560,536544,22357,KINGS CHOICE BISCUIT TIN,1,2010-12-01 14:32:00,8.4700000000000006,United Kingdom
1561,536544,22359,GLASS JAR KINGS CHOICE,2,2010-12-01 14:32:00,5.91,United Kingdom
1562,536544,22360,GLASS JAR ENGLISH CONFECTIONERY,2,2010-12-01 14:32:00,5.91,United Kingdom
1563,536544,22361,GLASS JAR DAISY FRESH COTTON WOOL,2,2010-12-01 14:32:00,5.91,United Kingdom
1564,536544,22367,CHILDRENS APRON SPACEBOY DESIGN,1,2010-12-01 14:32:00,4.21,United Kingdom
1565,536544,22371,AIRLINE BAG VINTAGE TOKYO 78,1,2010-12-01 14:32:00,8.4700000000000006,United Kingdom
1566,536544,22375,AIRLINE BAG VINTAGE JET SET BROWN,2,2010-12-01 14:32:00,8.4700000000000006,United Kingdom
1567,536544,22376,AIRLINE BAG VINTAGE JET SET WHITE,1,2010-12-01 14:32:00,8.4700000000000006,United Kingdom
1568,536544,22378,WALL TIDY RETROSPOT ,2,2010-12-01 14:32:00,4.21,United Kingdom
1569,536544,22379,RECYCLING BAG RETROSPOT ,2,2010-12-01 14:32:00,4.21,United Kingdom
1570,536544,22380,TOY TIDY SPACEBOY  ,1,2010-12-01 14:32:00,4.21,United Kingdom
1571,536544,22383,LUNCH BAG SUKI  DESIGN ,1,2010-12-01 14:32:00,4.21,United Kingdom
1572,536544,22384,LUNCH BAG PINK POLKADOT,2,2010-12-01 14:32:00,4.21,United Kingdom
1573,536544,22394,PAPERWEIGHT KINGS CHOICE ,1,2010-12-01 14:32:00,5.0599999999999996,United Kingdom
1574,536544,22396,MAGNETS PACK OF 4 RETRO PHOTO,1,2010-12-01 14:32:00,2.5099999999999998,United Kingdom
1575,536544,22418,10 COLOUR SPACEBOY PEN,1,2010-12-01 14:32:00,1.66,United Kingdom
1576,536544,22419,LIPSTICK PEN RED,4,2010-12-01 14:32:00,0.85,United Kingdom
1577,536544,22422,TOOTHPASTE TUBE PEN,2,2010-12-01 14:32:00,1.28,United Kingdom
1578,536544,22423,REGENCY CAKESTAND 3 TIER,40,2010-12-01 14:32:00,12.72,United Kingdom
1579,536544,22430,ENAMEL WATERING CAN CREAM,1,2010-12-01 14:32:00,10.17,United Kingdom
1580,536544,22432,WATERING CAN PINK BUNNY,1,2010-12-01 14:32:00,4.21,United Kingdom
1581,536544,22437,SET OF 9 BLACK SKULL BALLOONS,1,2010-12-01 14:32:00,1.66,United Kingdom
1582,536544,22444,GROW YOUR OWN PLANT IN A CAN ,1,2010-12-01 14:32:00,2.5099999999999998,United Kingdom
1583,536544,22451,SILK PURSE BABUSHKA RED,2,2010-12-01 14:32:00,6.77,United Kingdom
1584,536544,22457,NATURAL SLATE HEART CHALKBOARD ,6,2010-12-01 14:32:00,5.91,United Kingdom
1585,536544,22469,HEART OF WICKER SMALL,8,2010-12-01 14:32:00,3.36,United Kingdom
1586,536544,22470,HEART OF WICKER LARGE,1,2010-12-01 14:32:00,5.91,United Kingdom
1587,536544,22471,TV DINNER TRAY AIR HOSTESS ,1,2010-12-01 14:32:00,11.02,United Kingdom
1588,536544,22476,EMPIRE UNION JACK TV DINNER TRAY,1,2010-12-01 14:32:00,11.02,United Kingdom
1589,536544,22477,WATERING CAN GARDEN MARKER,2,2010-12-01 14:32:00,2.5099999999999998,United Kingdom
1590,536544,22478,BIRDHOUSE GARDEN MARKER ,1,2010-12-01 14:32:00,2.5099999999999998,United Kingdom
1591,536544,22479,DAISY GARDEN MARKER,1,2010-12-01 14:32:00,2.5099999999999998,United Kingdom
1592,536544,22487,WHITE WOOD GARDEN PLANT LADDER,1,2010-12-01 14:32:00,20.38,United Kingdom
1593,536544,22489,PACK OF 12 TRADITIONAL CRAYONS,1,2010-12-01 14:32:00,0.85,United Kingdom
1594,536544,22494,EMERGENCY FIRST AID TIN ,2,2010-12-01 14:32:00,2.5099999999999998,United Kingdom
1595,536544,22497,SET OF 2 TINS VINTAGE BATHROOM ,2,2010-12-01 14:32:00,8.4700000000000006,United Kingdom
1596,536544,22515,CHILDS GARDEN SPADE PINK,1,2010-12-01 14:32:00,4.21,United Kingdom
1597,536544,22517,CHILDS GARDEN RAKE PINK,1,2010-12-01 14:32:00,4.21,United Kingdom
1598,536544,22519,CHILDS GARDEN BRUSH PINK,1,2010-12-01 14:32:00,4.21,United Kingdom
1599,536544,22530,MAGIC DRAWING SLATE DOLLY GIRL ,5,2010-12-01 14:32:00,0.85,United Kingdom
1600,536544,22531,MAGIC DRAWING SLATE CIRCUS PARADE  ,8,2010-12-01 14:32:00,0.85,United Kingdom
1601,536544,22539,MINI JIGSAW DOLLY GIRL,4,2010-12-01 14:32:00,0.85,United Kingdom
1602,536544,22540,MINI JIGSAW CIRCUS PARADE ,1,2010-12-01 14:32:00,0.85,United Kingdom
1603,536544,22545,MINI JIGSAW BUNNIES,1,2010-12-01 14:32:00,0.85,United Kingdom
1604,536544,22548,HEADS AND TAILS SPORTING FUN,1,2010-12-01 14:32:00,2.5099999999999998,United Kingdom
1605,536544,22549,PICTURE DOMINOES,1,2010-12-01 14:32:00,3.36,United Kingdom
1606,536544,22550,HOLIDAY FUN LUDO,2,2010-12-01 14:32:00,7.62,United Kingdom
1607,536544,22553,PLASTERS IN TIN SKULLS,1,2010-12-01 14:32:00,3.36,United Kingdom
1608,536544,22555,PLASTERS IN TIN STRONGMAN,1,2010-12-01 14:32:00,3.36,United Kingdom
1609,536544,22558,CLOTHES PEGS RETROSPOT PACK 24 ,4,2010-12-01 14:32:00,2.5099999999999998,United Kingdom
1610,536544,22560,TRADITIONAL MODELLING CLAY,1,2010-12-01 14:32:00,2.5099999999999998,United Kingdom
1611,536544,22569,FELTCRAFT CUSHION BUTTERFLY,1,2010-12-01 14:32:00,7.62,United Kingdom
1612,536544,22571,ROCKING HORSE RED CHRISTMAS ,1,2010-12-01 14:32:00,1.66,United Kingdom
1613,536544,22573,STAR WOODEN CHRISTMAS DECORATION,5,2010-12-01 14:32:00,1.66,United Kingdom
1614,536544,22574,HEART WOODEN CHRISTMAS DECORATION,1,2010-12-01 14:32:00,1.66,United Kingdom
1615,536544,22580,ADVENT CALENDAR GINGHAM SACK,1,2010-12-01 14:32:00,11.87,United Kingdom
1616,536544,22582,PACK OF 6 SWEETIE GIFT BOXES,1,2010-12-01 14:32:00,5.0599999999999996,United Kingdom
1617,536544,22583,PACK OF 6 HANDBAG GIFT BOXES,1,2010-12-01 14:32:00,5.0599999999999996,United Kingdom
1618,536544,22588,CARD HOLDER GINGHAM HEART,3,2010-12-01 14:32:00,5.0599999999999996,United Kingdom
1619,536544,22589,CARDHOLDER GINGHAM STAR,1,2010-12-01 14:32:00,5.0599999999999996,United Kingdom
1620,536544,22595,CHRISTMAS GINGHAM HEART,1,2010-12-01 14:32:00,1.66,United Kingdom
1621,536544,22600,CHRISTMAS RETROSPOT STAR WOOD,1,2010-12-01 14:32:00,1.66,United Kingdom
1622,536544,22601,CHRISTMAS RETROSPOT ANGEL WOOD,2,2010-12-01 14:32:00,1.66,United Kingdom
1623,536544,22603,CHRISTMAS RETROSPOT TREE WOOD,4,2010-12-01 14:32:00,1.66,United Kingdom
1624,536544,22605,WOODEN CROQUET GARDEN SET,1,2010-12-01 14:32:00,25.49,United Kingdom
1625,536544,22614,PACK OF 12 SPACEBOY TISSUES,1,2010-12-01 14:32:00,0.85,United Kingdom
1626,536544,22616,PACK OF 12 LONDON TISSUES ,3,2010-12-01 14:32:00,0.85,United Kingdom
1627,536544,22620,4 TRADITIONAL SPINNING TOPS,7,2010-12-01 14:32:00,2.5099999999999998,United Kingdom
1628,536544,22625,RED KITCHEN SCALES,2,2010-12-01 14:32:00,16.98,United Kingdom
1629,536544,22629,SPACEBOY LUNCH BOX ,1,2010-12-01 14:32:00,4.21,United Kingdom
1630,536544,22632,HAND WARMER RED RETROSPOT,1,2010-12-01 14:32:00,4.21,United Kingdom
1631,536544,22635,CHILDS BREAKFAST SET DOLLY GIRL ,1,2010-12-01 14:32:00,20.38,United Kingdom
1632,536544,22639,SET OF 4 NAPKIN CHARMS HEARTS,1,2010-12-01 14:32:00,5.0599999999999996,United Kingdom
1633,536544,22644,CERAMIC CHERRY CAKE MONEY BANK,1,2010-12-01 14:32:00,3.36,United Kingdom
1634,536544,22645,CERAMIC HEART FAIRY CAKE MONEY BANK,1,2010-12-01 14:32:00,3.36,United Kingdom
1635,536544,22646,CERAMIC STRAWBERRY CAKE MONEY BANK,1,2010-12-01 14:32:00,3.36,United Kingdom
1636,536544,22651,GENTLEMAN SHIRT REPAIR KIT ,3,2010-12-01 14:32:00,1.66,United Kingdom
1637,536544,22654,DELUXE SEWING KIT ,1,2010-12-01 14:32:00,11.87,United Kingdom
1638,536544,22662,LUNCH BAG DOLLY GIRL DESIGN,2,2010-12-01 14:32:00,4.21,United Kingdom
1639,536544,22664,TOY TIDY DOLLY GIRL DESIGN,4,2010-12-01 14:32:00,4.21,United Kingdom
1640,536544,22665,RECIPE BOX BLUE SKETCHBOOK DESIGN,1,2010-12-01 14:32:00,5.91,United Kingdom
1641,536544,22666,RECIPE BOX PANTRY YELLOW DESIGN,2,2010-12-01 14:32:00,5.91,United Kingdom
1642,536544,22669,RED BABY BUNTING ,1,2010-12-01 14:32:00,5.91,United Kingdom
1643,536544,22675,FRENCH KITCHEN SIGN BLUE METAL,2,2010-12-01 14:32:00,2.5099999999999998,United Kingdom
1644,536544,22694,WICKER STAR ,4,2010-12-01 14:32:00,4.21,United Kingdom
1645,536544,22695,WICKER WREATH SMALL,2,2010-12-01 14:32:00,3.36,United Kingdom
1646,536544,22697,GREEN REGENCY TEACUP AND SAUCER,6,2010-12-01 14:32:00,5.91,United Kingdom
1647,536544,22699,ROSES REGENCY TEACUP AND SAUCER ,2,2010-12-01 14:32:00,5.91,United Kingdom
1648,536544,22719,GUMBALL MONOCHROME COAT RACK,1,2010-12-01 14:32:00,2.5099999999999998,United Kingdom
1649,536544,22727,ALARM CLOCK BAKELIKE RED ,2,2010-12-01 14:32:00,7.62,United Kingdom
1650,536544,22728,ALARM CLOCK BAKELIKE PINK,1,2010-12-01 14:32:00,7.62,United Kingdom
1651,536544,22729,ALARM CLOCK BAKELIKE ORANGE,2,2010-12-01 14:32:00,7.62,United Kingdom
1652,536544,22730,ALARM CLOCK BAKELIKE IVORY,1,2010-12-01 14:32:00,7.62,United Kingdom
1653,536544,22734,SET OF 6 RIBBONS VINTAGE CHRISTMAS,3,2010-12-01 14:32:00,5.0599999999999996,United Kingdom
1654,536544,22737,RIBBON REEL CHRISTMAS PRESENT ,1,2010-12-01 14:32:00,3.36,United Kingdom
1655,536544,22738,RIBBON REEL SNOWY VILLAGE,3,2010-12-01 14:32:00,3.36,United Kingdom
1656,536544,22739,RIBBON REEL CHRISTMAS SOCK BAUBLE,1,2010-12-01 14:32:00,3.36,United Kingdom
1657,536544,22740,POLKADOT PEN,13,2010-12-01 14:32:00,1.66,United Kingdom
1658,536544,22741,FUNKY DIVA PEN,8,2010-12-01 14:32:00,1.66,United Kingdom
1659,536544,22744,MAKE YOUR OWN MONSOON CARD KIT,1,2010-12-01 14:32:00,5.91,United Kingdom
1660,536544,22745,POPPY'S PLAYHOUSE BEDROOM ,1,2010-12-01 14:32:00,4.21,United Kingdom
1661,536544,22748,POPPY'S PLAYHOUSE KITCHEN,1,2010-12-01 14:32:00,4.21,United Kingdom
1662,536544,22755,SMALL PURPLE BABUSHKA NOTEBOOK ,3,2010-12-01 14:32:00,1.66,United Kingdom
1663,536544,22757,LARGE RED BABUSHKA NOTEBOOK ,3,2010-12-01 14:32:00,2.5099999999999998,United Kingdom
1664,536544,22758,LARGE PURPLE BABUSHKA NOTEBOOK  ,2,2010-12-01 14:32:00,2.5099999999999998,United Kingdom
1665,536544,22759,SET OF 3 NOTEBOOKS IN PARCEL,3,2010-12-01 14:32:00,3.36,United Kingdom
1666,536544,22760,"TRAY, BREAKFAST IN BED",1,2010-12-01 14:32:00,25.49,United Kingdom
1667,536544,22769,CHALKBOARD KITCHEN ORGANISER,1,2010-12-01 14:32:00,51.02,United Kingdom
1668,536544,22791,T-LIGHT GLASS FLUTED ANTIQUE,3,2010-12-01 14:32:00,2.5099999999999998,United Kingdom
1669,536544,22792,FLUTED ANTIQUE CANDLE HOLDER,2,2010-12-01 14:32:00,1.66,United Kingdom
1670,536544,22798,ANTIQUE GLASS DRESSING TABLE POT,2,2010-12-01 14:32:00,5.91,United Kingdom
1671,536544,22812,PACK 3 BOXES CHRISTMAS PANNETONE,2,2010-12-01 14:32:00,4.21,United Kingdom
1672,536544,22813,PACK 3 BOXES BIRD PANNETONE ,1,2010-12-01 14:32:00,4.21,United Kingdom
1673,536544,22816,CARD MOTORBIKE SANTA,4,2010-12-01 14:32:00,0.85,United Kingdom
1674,536544,22818,CARD CHRISTMAS VILLAGE,6,2010-12-01 14:32:00,0.85,United Kingdom
1675,536544,22822,CREAM WALL PLANTER HEART SHAPED,1,2010-12-01 14:32:00,12.72,United Kingdom
1676,536544,22835,HOT WATER BOTTLE I AM SO POORLY,4,2010-12-01 14:32:00,9.32,United Kingdom
1677,536544,22837,HOT WATER BOTTLE BABUSHKA ,1,2010-12-01 14:32:00,9.32,United Kingdom
1678,536544,22844,VINTAGE CREAM DOG FOOD CONTAINER,1,2010-12-01 14:32:00,16.98,United Kingdom
1679,536544,22847,BREAD BIN DINER STYLE IVORY,1,2010-12-01 14:32:00,34,United Kingdom
1680,536544,22862,LOVE HEART NAPKIN BOX ,1,2010-12-01 14:32:00,8.4700000000000006,United Kingdom
1681,536544,22865,HAND WARMER OWL DESIGN,1,2010-12-01 14:32:00,4.21,United Kingdom
1682,536544,22866,HAND WARMER SCOTTY DOG DESIGN,4,2010-12-01 14:32:00,4.21,United Kingdom
1683,536544,22867,HAND WARMER BIRD DESIGN,4,2010-12-01 14:32:00,4.21,United Kingdom
1684,536544,22876,NUMBER TILE COTTAGE GARDEN 8,1,2010-12-01 14:32:00,4.21,United Kingdom
1685,536544,22899,CHILDREN'S APRON DOLLY GIRL ,2,2010-12-01 14:32:00,4.21,United Kingdom
1686,536544,22900, SET 2 TEA TOWELS I LOVE LONDON ,1,2010-12-01 14:32:00,5.91,United Kingdom
1687,536544,22906,12 MESSAGE CARDS WITH ENVELOPES,2,2010-12-01 14:32:00,3.36,United Kingdom
1688,536544,22909,SET OF 20 VINTAGE CHRISTMAS NAPKINS,3,2010-12-01 14:32:00,1.66,United Kingdom
1689,536544,22910,PAPER CHAIN KIT VINTAGE CHRISTMAS,4,2010-12-01 14:32:00,5.91,United Kingdom
1690,536544,22916,HERB MARKER THYME,1,2010-12-01 14:32:00,1.66,United Kingdom
1691,536544,22917,HERB MARKER ROSEMARY,1,2010-12-01 14:32:00,1.66,United Kingdom
1692,536544,22918,HERB MARKER PARSLEY,1,2010-12-01 14:32:00,1.66,United Kingdom
1693,536544,22919,HERB MARKER MINT,1,2010-12-01 14:32:00,1.66,United Kingdom
1694,536544,22920,HERB MARKER BASIL,1,2010-12-01 14:32:00,1.66,United Kingdom
1695,536544,22921,HERB MARKER CHIVES ,1,2010-12-01 14:32:00,1.66,United Kingdom
1696,536544,22928,YELLOW GIANT GARDEN THERMOMETER,1,2010-12-01 14:32:00,11.87,United Kingdom
1697,536544,22940,FELTCRAFT CHRISTMAS FAIRY,2,2010-12-01 14:32:00,8.4700000000000006,United Kingdom
1698,536544,22945,CHRISTMAS METAL TAGS ASSORTED ,1,2010-12-01 14:32:00,11.02,United Kingdom
1699,536544,22948,METAL DECORATION NAUGHTY CHILDREN ,2,2010-12-01 14:32:00,6.77,United Kingdom
1700,536544,22949,36 DOILIES DOLLY GIRL,1,2010-12-01 14:32:00,2.98,United Kingdom
1701,536544,22951,60 CAKE CASES DOLLY GIRL DESIGN,2,2010-12-01 14:32:00,1.28,United Kingdom
1702,536544,22952,60 CAKE CASES VINTAGE CHRISTMAS,1,2010-12-01 14:32:00,1.28,United Kingdom
1703,536544,22956,36 FOIL HEART CAKE CASES,1,2010-12-01 14:32:00,4.21,United Kingdom
1704,536544,22960,JAM MAKING SET WITH JARS,7,2010-12-01 14:32:00,8.4700000000000006,United Kingdom
1705,536544,22961,JAM MAKING SET PRINTED,9,2010-12-01 14:32:00,3.36,United Kingdom
1706,536544,22962,JAM JAR WITH PINK LID,4,2010-12-01 14:32:00,1.66,United Kingdom
1707,536544,22963,JAM JAR WITH GREEN LID,1,2010-12-01 14:32:00,1.66,United Kingdom
1708,536544,22966,GINGERBREAD MAN COOKIE CUTTER,3,2010-12-01 14:32:00,2.5099999999999998,United Kingdom
1709,536544,22969,HOMEMADE JAM SCENTED CANDLES,1,2010-12-01 14:32:00,3.36,United Kingdom
1710,536544,22972,CHILDREN'S SPACEBOY MUG,1,2010-12-01 14:32:00,3.36,United Kingdom
1711,536544,22974,CHILDRENS DOLLY GIRL MUG,3,2010-12-01 14:32:00,3.36,United Kingdom
1712,536544,22975,SPACEBOY CHILDRENS EGG CUP,2,2010-12-01 14:32:00,2.5099999999999998,United Kingdom
1713,536544,22976,CIRCUS PARADE CHILDRENS EGG CUP ,1,2010-12-01 14:32:00,2.5099999999999998,United Kingdom
1714,536544,22988,SOLDIERS EGG CUP ,3,2010-12-01 14:32:00,2.5099999999999998,United Kingdom
1715,536544,35095A,BLUE VICTORIAN FABRIC OVAL BOX,2,2010-12-01 14:32:00,0.84,United Kingdom
1716,536544,35095B,RED VICTORIAN FABRIC OVAL BOX,1,2010-12-01 14:32:00,0.84,United Kingdom
1717,536544,35471D,SET OF 3 BIRD LIGHT PINK FEATHER ,1,2010-12-01 14:32:00,2.5099999999999998,United Kingdom
1718,536544,35598D,PINK/WHITE CHRISTMAS TREE 60CM,1,2010-12-01 14:32:00,2.5099999999999998,United Kingdom
1719,536544,35599D,PINK AND WHITE CHRISTMAS TREE 120CM,1,2010-12-01 14:32:00,5.91,United Kingdom
1720,536544,35610A,PINK CHRISTMAS FLOCK DROPLET ,1,2010-12-01 14:32:00,2.5099999999999998,United Kingdom
1721,536544,35818P,"ACRYLIC JEWEL ICICLE, PINK",1,2010-12-01 14:32:00,3.36,United Kingdom
1722,536544,35957,SMALLFOLKART BAUBLE CHRISTMAS DEC,2,2010-12-01 14:32:00,1.66,United Kingdom
1723,536544,35961,FOLKART ZINC HEART CHRISTMAS DEC,1,2010-12-01 14:32:00,1.66,United Kingdom
1724,536544,35971,ROSE FOLKART HEART DECORATIONS,1,2010-12-01 14:32:00,2.5099999999999998,United Kingdom
1725,536544,37370,RETRO COFFEE MUGS ASSORTED,1,2010-12-01 14:32:00,16.13,United Kingdom
1726,536544,37449,CERAMIC CAKE STAND + HANGING CAKES,1,2010-12-01 14:32:00,21.23,United Kingdom
1727,536544,37476,CONDIMENT TRAY 4 BOWLS AND 4 SPOONS,1,2010-12-01 14:32:00,18.68,United Kingdom
1728,536544,47559B,TEA TIME OVEN GLOVE,2,2010-12-01 14:32:00,2.5099999999999998,United Kingdom
1729,536544,47580,TEA TIME DES TEA COSY,1,2010-12-01 14:32:00,5.0599999999999996,United Kingdom
1730,536544,47591B,SCOTTIES CHILDRENS APRON,2,2010-12-01 14:32:00,1.66,United Kingdom
1731,536544,47591D,PINK FAIRY CAKE CHILDRENS APRON,1,2010-12-01 14:32:00,4.21,United Kingdom
1732,536544,47593B,SCOTTIE DOGS BABY BIB,2,2010-12-01 14:32:00,0.85,United Kingdom
1733,536544,48188,DOORMAT WELCOME PUPPIES,1,2010-12-01 14:32:00,14.43,United Kingdom
1734,536544,70007,HI TEC ALPINE HAND WARMER,5,2010-12-01 14:32:00,3.36,United Kingdom
1735,536544,71053,WHITE METAL LANTERN,1,2010-12-01 14:32:00,8.4700000000000006,United Kingdom
1736,536544,71459,HANGING JAM JAR T-LIGHT HOLDER,8,2010-12-01 14:32:00,1.69,United Kingdom
1737,536544,72586,SET OF 6 HALLOWEEN GHOST T-LIGHTS,1,2010-12-01 14:32:00,0.85,United Kingdom
1738,536544,72799E,IVORY PILLAR CANDLE SILVER FLOCK,2,2010-12-01 14:32:00,3.36,United Kingdom
1739,536544,72799F,IVORY PILLAR CANDLE GOLD FLOCK,2,2010-12-01 14:32:00,3.36,United Kingdom
1740,536544,72807A,SET/3 ROSE CANDLE IN JEWELLED BOX,1,2010-12-01 14:32:00,8.4700000000000006,United Kingdom
1741,536544,72807B,SET/3 OCEAN SCENT CANDLE JEWEL BOX,1,2010-12-01 14:32:00,8.4700000000000006,United Kingdom
1742,536544,72807C,SET/3 VANILLA SCENTED CANDLE IN BOX,1,2010-12-01 14:32:00,8.4700000000000006,United Kingdom
1743,536544,72816,SET/3 CHRISTMAS DECOUPAGE CANDLES,1,2010-12-01 14:32:00,2.5099999999999998,United Kingdom
1744,536544,72817,SET OF 2 CHRISTMAS DECOUPAGE CANDLE,2,2010-12-01 14:32:00,1.66,United Kingdom
1745,536544,79030D,"TUMBLER, BAROQUE",1,2010-12-01 14:32:00,12.72,United Kingdom
1746,536544,79030G,"TUMBLER, NEW ENGLAND",1,2010-12-01 14:32:00,12.72,United Kingdom
1747,536544,79321,CHILLI LIGHTS,1,2010-12-01 14:32:00,10.17,United Kingdom
1748,536544,82551,LAUNDRY 15C METAL SIGN,1,2010-12-01 14:32:00,2.5099999999999998,United Kingdom
1749,536544,82578,KITCHEN METAL SIGN,1,2010-12-01 14:32:00,1.28,United Kingdom
1750,536544,82580,BATHROOM METAL SIGN,1,2010-12-01 14:32:00,1.28,United Kingdom
1751,536544,82583,HOT BATHS METAL SIGN,1,2010-12-01 14:32:00,4.21,United Kingdom
1752,536544,82613B,"METAL SIGN,CUPCAKE SINGLE HOOK",1,2010-12-01 14:32:00,2.5099999999999998,United Kingdom
1753,536544,82613C,"METAL SIGN,CUPCAKE SINGLE HOOK",1,2010-12-01 14:32:00,2.5099999999999998,United Kingdom
1754,536544,82613D,METAL SIGN CUPCAKE SINGLE HOOK,1,2010-12-01 14:32:00,2.5099999999999998,United Kingdom
1755,536544,84029E,RED WOOLLY HOTTIE WHITE HEART.,1,2010-12-01 14:32:00,7.62,United Kingdom
1756,536544,84029G,KNITTED UNION FLAG HOT WATER BOTTLE,1,2010-12-01 14:32:00,7.62,United Kingdom
1757,536544,84031A,CHARLIE+LOLA RED HOT WATER BOTTLE ,4,2010-12-01 14:32:00,4.21,United Kingdom
1758,536544,84031B,CHARLIE LOLA BLUE HOT WATER BOTTLE ,1,2010-12-01 14:32:00,4.21,United Kingdom
1759,536544,84032A,CHARLIE+LOLA PINK HOT WATER BOTTLE,8,2010-12-01 14:32:00,3.36,United Kingdom
1760,536544,84032B,CHARLIE + LOLA RED HOT WATER BOTTLE,4,2010-12-01 14:32:00,3.36,United Kingdom
1761,536544,84050,PINK HEART SHAPE EGG FRYING PAN,3,2010-12-01 14:32:00,4.21,United Kingdom
1762,536544,84086C,PINK/PURPLE RETRO RADIO,1,2010-12-01 14:32:00,4.21,United Kingdom
1763,536544,84279P,CHERRY BLOSSOM  DECORATIVE FLASK,1,2010-12-01 14:32:00,8.4700000000000006,United Kingdom
1764,536544,84347,ROTATING SILVER ANGELS T-LIGHT HLDR,4,2010-12-01 14:32:00,5.0599999999999996,United Kingdom
1765,536544,84992,72 SWEETHEART FAIRY CAKE CASES,1,2010-12-01 14:32:00,1.28,United Kingdom
1766,536544,85014B,RED RETROSPOT UMBRELLA,2,2010-12-01 14:32:00,12.72,United Kingdom
1767,536544,85015,SET OF 12  VINTAGE POSTCARD SET,1,2010-12-01 14:32:00,2.5099999999999998,United Kingdom
1768,536544,85016,SET OF 6 VINTAGE NOTELETS KIT,2,2010-12-01 14:32:00,2.5099999999999998,United Kingdom
1769,536544,85017A,ENVELOPE 50 ROMANTIC IMAGES,1,2010-12-01 14:32:00,0.85,United Kingdom
1770,536544,85017B,ENVELOPE 50 BLOSSOM IMAGES,1,2010-12-01 14:32:00,0.85,United Kingdom
1771,536544,85032D,YULETIDE IMAGES GIFT WRAP SET,2,2010-12-01 14:32:00,1.66,United Kingdom
1772,536544,85039A,SET/4 RED MINI ROSE CANDLE IN BOWL,3,2010-12-01 14:32:00,1.66,United Kingdom
1773,536544,85048,15CM CHRISTMAS GLASS BALL 20 LIGHTS,1,2010-12-01 14:32:00,16.98,United Kingdom
1774,536544,85049E,SCANDINAVIAN REDS RIBBONS,3,2010-12-01 14:32:00,2.5099999999999998,United Kingdom
1775,536544,85049G,CHOCOLATE BOX RIBBONS ,1,2010-12-01 14:32:00,2.5099999999999998,United Kingdom
1776,536544,85049H,URBAN BLACK RIBBONS ,1,2010-12-01 14:32:00,2.5099999999999998,United Kingdom
1777,536544,85064,CREAM SWEETHEART LETTER RACK,1,2010-12-01 14:32:00,11.02,United Kingdom
1778,536544,85099B,JUMBO BAG RED RETROSPOT,1,2010-12-01 14:32:00,4.21,United Kingdom
1779,536544,85114B,IVORY ENCHANTED FOREST PLACEMAT,11,2010-12-01 14:32:00,3.36,United Kingdom
1780,536544,85116,BLACK CANDELABRA T-LIGHT HOLDER,3,2010-12-01 14:32:00,1.66,United Kingdom
1781,536544,85123A,WHITE HANGING HEART T-LIGHT HOLDER,4,2010-12-01 14:32:00,5.91,United Kingdom
1782,536544,85127,SMALL SQUARE CUT GLASS CANDLESTICK,2,2010-12-01 14:32:00,10.17,United Kingdom
1783,536544,85129D,BEADED CRYSTAL HEART PINK SMALL,1,2010-12-01 14:32:00,2.5099999999999998,United Kingdom
1784,536544,85131B,BEADED CRYSTAL HEART GREEN ON STICK,2,2010-12-01 14:32:00,0.85,United Kingdom
1785,536544,85132A,CHARLIE + LOLA BISCUITS TINS,2,2010-12-01 14:32:00,8.4700000000000006,United Kingdom
1786,536544,85135B,BLUE DRAGONFLY HELICOPTER,1,2010-12-01 14:32:00,8.4700000000000006,United Kingdom
1787,536544,85135C,RED DRAGONFLY HELICOPTER,1,2010-12-01 14:32:00,8.4700000000000006,United Kingdom
1788,536544,85152,HAND OVER THE CHOCOLATE   SIGN ,1,2010-12-01 14:32:00,4.21,United Kingdom
1789,536544,85176,SEWING SUSAN 21 NEEDLE SET,5,2010-12-01 14:32:00,1.66,United Kingdom
1790,536544,85177,BASKET OF FLOWERS SEWING KIT,1,2010-12-01 14:32:00,1.66,United Kingdom
1791,536544,85178,VICTORIAN SEWING KIT,1,2010-12-01 14:32:00,2.5099999999999998,United Kingdom
1792,536544,85186A,EASTER BUNNY GARLAND OF FLOWERS,1,2010-12-01 14:32:00,0.85,United Kingdom
1793,536544,85199S,SMALL HANGING IVORY/RED WOOD BIRD,10,2010-12-01 14:32:00,0.85,United Kingdom
1794,536544,85231B,CINAMMON SET OF 9 T-LIGHTS,2,2010-12-01 14:32:00,1.66,United Kingdom
1795,536544,85232B,SET OF 3 BABUSHKA STACKING TINS,1,2010-12-01 14:32:00,4.95,United Kingdom
1796,536544,90003C,MIDNIGHT BLUE PAIR HEART HAIR SLIDE,1,2010-12-01 14:32:00,3.81,United Kingdom
1797,536544,90018A,SILVER M.O.P ORBIT DROP EARRINGS,1,2010-12-01 14:32:00,4.24,United Kingdom
1798,536544,90022,EDWARDIAN DROP EARRINGS JET BLACK,1,2010-12-01 14:32:00,3.81,United Kingdom
1799,536544,90071,RUBY GLASS CLUSTER EARRINGS,1,2010-12-01 14:32:00,1.26,United Kingdom
1800,536544,90099,NECKLACE+BRACELET SET BLUE HIBISCUS,1,2010-12-01 14:32:00,5.0599999999999996,United Kingdom
1801,536544,90116,FRUIT SALAD BAG CHARM,1,2010-12-01 14:32:00,2.5099999999999998,United Kingdom
1802,536544,90120C,GREEN MURANO TWIST BRACELET,1,2010-12-01 14:32:00,4.24,United Kingdom
1803,536544,90129A,PINK GLASS TASSLE BAG CHARM ,2,2010-12-01 14:32:00,1.66,United Kingdom
1804,536544,90129B,TURQUOISE GLASS TASSLE BAG CHARM ,1,2010-12-01 14:32:00,1.66,United Kingdom
1805,536544,90161A,ANT COPPER RED BOUDICCA BRACELET,1,2010-12-01 14:32:00,5.09,United Kingdom
1806,536544,90190C,SILVER/AMETHYST DROP EARRINGS LEAF,1,2010-12-01 14:32:00,2.96,United Kingdom
1807,536544,90194,SILVER LARIAT BLACK STONE EARRINGS,1,2010-12-01 14:32:00,4.24,United Kingdom
1808,536544,90200A,PURPLE SWEETHEART BRACELET,1,2010-12-01 14:32:00,4.24,United Kingdom
1809,536544,90200C,BLUE SWEETHEART BRACELET,1,2010-12-01 14:32:00,4.24,United Kingdom
1810,536544,90209B,GREEN ENAMEL+GLASS HAIR COMB,1,2010-12-01 14:32:00,2.11,United Kingdom
1811,536544,90214D,"LETTER ""D"" BLING KEY RING",1,2010-12-01 14:32:00,0.85,United Kingdom
1812,536544,90214G,"LETTER ""G"" BLING KEY RING",1,2010-12-01 14:32:00,0.85,United Kingdom
1813,536544,90214H,"LETTER ""H"" BLING KEY RING",1,2010-12-01 14:32:00,0.85,United Kingdom
1814,536544,90214J,"LETTER ""J"" BLING KEY RING",1,2010-12-01 14:32:00,0.85,United Kingdom
1815,536544,90214R,"LETTER ""R"" BLING KEY RING",1,2010-12-01 14:32:00,0.85,United Kingdom
1816,536544,DOT,DOTCOM POSTAGE,1,2010-12-01 14:32:00,569.77,United Kingdom
1817,536544,84375,SET OF 20 KIDS COOKIE CUTTERS,4,2010-12-01 14:32:00,4.21,United Kingdom
1818,536544,84378,SET OF 3 HEART COOKIE CUTTERS,1,2010-12-01 14:32:00,2.5099999999999998,United Kingdom
1819,536544,84380,SET OF 3 BUTTERFLY COOKIE CUTTERS,5,2010-12-01 14:32:00,2.5099999999999998,United Kingdom
1820,536544,84534B,FAIRY CAKE NOTEBOOK A5 SIZE,2,2010-12-01 14:32:00,1.66,United Kingdom
1821,536544,84535B,FAIRY CAKES NOTEBOOK A6 SIZE,1,2010-12-01 14:32:00,1.49,United Kingdom
1822,536544,84536A,ENGLISH ROSE NOTEBOOK A7 SIZE,3,2010-12-01 14:32:00,0.85,United Kingdom
1823,536544,84536B,FAIRY CAKES NOTEBOOK A7 SIZE,3,2010-12-01 14:32:00,0.85,United Kingdom
1824,536544,84580,MOUSE TOY WITH PINK T-SHIRT,1,2010-12-01 14:32:00,4.21,United Kingdom
1825,536544,84581,DOG TOY WITH PINK CROCHET SKIRT,1,2010-12-01 14:32:00,4.21,United Kingdom
1826,536544,84598,BOYS ALPHABET IRON ON PATCHES,2,2010-12-01 14:32:00,0.43,United Kingdom
1827,536544,84625A,PINK NEW BAROQUECANDLESTICK CANDLE,1,2010-12-01 14:32:00,5.91,United Kingdom
1828,536544,84692,BOX OF 24 COCKTAIL PARASOLS,1,2010-12-01 14:32:00,0.85,United Kingdom
1829,536544,84832,ZINC WILLIE WINKIE  CANDLE STICK,3,2010-12-01 14:32:00,1.66,United Kingdom
1830,536544,84912B,GREEN ROSE WASHBAG,2,2010-12-01 14:32:00,3.36,United Kingdom
1831,536544,84913A,SOFT PINK ROSE TOWEL ,1,2010-12-01 14:32:00,3.36,United Kingdom
1832,536544,84913B,MINT GREEN ROSE TOWEL,3,2010-12-01 14:32:00,3.36,United Kingdom
1833,536544,84923,PINK BUTTERFLY HANDBAG W BOBBLES,1,2010-12-01 14:32:00,4.21,United Kingdom
1834,536544,84946,ANTIQUE SILVER TEA GLASS ETCHED,30,2010-12-01 14:32:00,2.5099999999999998,United Kingdom
1835,536544,84949,SILVER HANGING T-LIGHT HOLDER,1,2010-12-01 14:32:00,3.36,United Kingdom
1836,536544,84988,SET OF 72 PINK HEART PAPER DOILIES,1,2010-12-01 14:32:00,2.98,United Kingdom
1837,536544,84991,60 TEATIME FAIRY CAKE CASES,3,2010-12-01 14:32:00,1.28,United Kingdom
1838,536544,20856,DENIM PATCH PURSE PINK BUTTERFLY,6,2010-12-01 14:32:00,1.65,United Kingdom
1839,536544,20854,BLUE PATCH PURSE PINK HEART,6,2010-12-01 14:32:00,1.65,United Kingdom
1840,536544,22633,HAND WARMER UNION JACK,3,2010-12-01 14:32:00,2.1,United Kingdom
1841,536544,22866,HAND WARMER SCOTTY DOG DESIGN,3,2010-12-01 14:32:00,2.1,United Kingdom
1842,536544,21218,RED SPOTTY BISCUIT TIN,2,2010-12-01 14:32:00,3.75,United Kingdom
1843,536544,22968,ROSE COTTAGE KEEPSAKE BOX ,1,2010-12-01 14:32:00,9.9499999999999993,United Kingdom
1844,536544,22862,LOVE HEART NAPKIN BOX ,2,2010-12-01 14:32:00,4.25,United Kingdom
1845,536544,22845,VINTAGE CREAM CAT FOOD CONTAINER,2,2010-12-01 14:32:00,6.35,United Kingdom
1846,536544,22844,VINTAGE CREAM DOG FOOD CONTAINER,2,2010-12-01 14:32:00,8.5,United Kingdom
1847,536544,11001,ASSTD DESIGN RACING CAR PEN,3,2010-12-01 14:32:00,3.36,United Kingdom
1848,536544,16236,KITTY PENCIL ERASERS,1,2010-12-01 14:32:00,0.43,United Kingdom
1849,536544,16237,SLEEPING CAT ERASERS,4,2010-12-01 14:32:00,0.43,United Kingdom
1850,536544,16238,PARTY TIME PENCIL ERASERS,1,2010-12-01 14:32:00,0.43,United Kingdom
1851,536544,17003,BROCADE RING PURSE ,3,2010-12-01 14:32:00,0.43,United Kingdom
1852,536544,17011F,ORIGAMI SANDLEWOOD INCENSE+FLOWER,1,2010-12-01 14:32:00,4.21,United Kingdom
1853,536544,17012A,ORIGAMI VANILLA INCENSE/CANDLE SET ,3,2010-12-01 14:32:00,2.5099999999999998,United Kingdom
1854,536544,17012B,ORIGAMI JASMINE INCENSE/CANDLE SET,2,2010-12-01 14:32:00,2.5099999999999998,United Kingdom
1855,536544,17012C,ORIGAMI LAVENDER INCENSE/CANDL SET ,1,2010-12-01 14:32:00,2.5099999999999998,United Kingdom
1856,536544,17012D,ORIGAMI ROSE INCENSE/CANDLE SET ,1,2010-12-01 14:32:00,2.5099999999999998,United Kingdom
1857,536544,17012E,ORIGAMI OPIUM INCENSE/CANDLE SET ,1,2010-12-01 14:32:00,2.5099999999999998,United Kingdom
1858,536544,17012F,ORIGAMI SANDLEWOOD INCENSE/CAND SET,1,2010-12-01 14:32:00,2.5099999999999998,United Kingdom
1859,536544,17129F,BLUE GLASS GEMS IN BAG,2,2010-12-01 14:32:00,1.66,United Kingdom
1860,536544,18098C,PORCELAIN BUTTERFLY OIL BURNER,2,2010-12-01 14:32:00,5.91,United Kingdom
1861,536544,20622,VIPPASSPORT COVER ,1,2010-12-01 14:32:00,4.21,United Kingdom
1862,536544,20658,RED RETROSPOT LUGGAGE TAG,1,2010-12-01 14:32:00,2.5099999999999998,United Kingdom
1863,536544,20662,FIRST CLASS HOLIDAY PURSE ,1,2010-12-01 14:32:00,2.5099999999999998,United Kingdom
1864,536544,20668,DISCO BALL CHRISTMAS DECORATION,2,2010-12-01 14:32:00,0.43,United Kingdom
1865,536544,20669,RED HEART LUGGAGE TAG,1,2010-12-01 14:32:00,2.5099999999999998,United Kingdom
1866,536544,20676,RED RETROSPOT BOWL,1,2010-12-01 14:32:00,2.5099999999999998,United Kingdom
1867,536544,20684,STRAWBERRY DREAM CHILDS UMBRELLA,1,2010-12-01 14:32:00,6.77,United Kingdom
1868,536544,20685,DOORMAT RED RETROSPOT,1,2010-12-01 14:32:00,14.43,United Kingdom
1869,536544,20719,WOODLAND CHARLOTTE BAG,2,2010-12-01 14:32:00,1.66,United Kingdom
1870,536544,20724,RED RETROSPOT CHARLOTTE BAG,3,2010-12-01 14:32:00,1.66,United Kingdom
1871,536544,20725,LUNCH BAG RED RETROSPOT,4,2010-12-01 14:32:00,4.21,United Kingdom
1872,536544,20733,GOLD MINI TAPE MEASURE ,1,2010-12-01 14:32:00,0.85,United Kingdom
1873,536544,20735,BLACK MINI TAPE MEASURE ,1,2010-12-01 14:32:00,0.85,United Kingdom
1874,536544,20770,ABSTRACT CIRCLE JOURNAL ,4,2010-12-01 14:32:00,2.5099999999999998,United Kingdom
1875,536544,20772,GARDEN PATH JOURNAL,1,2010-12-01 14:32:00,5.0599999999999996,United Kingdom
1876,536544,20835,FRENCH LATTICE CUSHION COVER ,1,2010-12-01 14:32:00,11.02,United Kingdom
1877,536544,20839,FRENCH PAISLEY CUSHION COVER ,1,2010-12-01 14:32:00,9.32,United Kingdom
1878,536544,20840,FRENCH FLORAL CUSHION COVER ,1,2010-12-01 14:32:00,9.32,United Kingdom
1879,536544,20867,PINK ROSE FABRIC MIRROR,1,2010-12-01 14:32:00,2.5099999999999998,United Kingdom
1880,536544,20902,VINTAGE KEEPSAKE BOX PARIS DAYS,1,2010-12-01 14:32:00,12.72,United Kingdom
1881,536544,20914,SET/5 RED RETROSPOT LID GLASS BOWLS,3,2010-12-01 14:32:00,5.91,United Kingdom
1882,536544,20956,PORCELAIN T-LIGHT HOLDERS ASSORTED,1,2010-12-01 14:32:00,2.5099999999999998,United Kingdom
1883,536544,20961,STRAWBERRY BATH SPONGE ,2,2010-12-01 14:32:00,2.5099999999999998,United Kingdom
1884,536544,20963,APPLE BATH SPONGE,1,2010-12-01 14:32:00,2.5099999999999998,United Kingdom
1885,536544,20966,SANDWICH BATH SPONGE,4,2010-12-01 14:32:00,2.5099999999999998,United Kingdom
1886,536544,20969,RED FLORAL FELTCRAFT SHOULDER BAG,2,2010-12-01 14:32:00,7.62,United Kingdom
1887,536544,20971,PINK BLUE FELT CRAFT TRINKET BOX,1,2010-12-01 14:32:00,2.5099999999999998,United Kingdom
1888,536544,20972,PINK CREAM FELT CRAFT TRINKET BOX ,2,2010-12-01 14:32:00,2.5099999999999998,United Kingdom
1889,536544,20973,12 PENCIL SMALL TUBE WOODLAND,1,2010-12-01 14:32:00,1.28,United Kingdom
1890,536544,20975,12 PENCILS SMALL TUBE RED RETROSPOT,1,2010-12-01 14:32:00,1.28,United Kingdom
1891,536544,20981,12 PENCILS TALL TUBE WOODLAND,1,2010-12-01 14:32:00,1.66,United Kingdom
1892,536544,20992,JAZZ HEARTS PURSE NOTEBOOK,1,2010-12-01 14:32:00,1.66,United Kingdom
1893,536544,20996,JAZZ HEARTS ADDRESS BOOK,1,2010-12-01 14:32:00,0.84,United Kingdom
1894,536544,21000,ROSE DU SUD COSMETICS BAG,1,2010-12-01 14:32:00,3.36,United Kingdom
1895,536544,21012,ANTIQUE ALL GLASS CANDLESTICK,2,2010-12-01 14:32:00,2.5099999999999998,United Kingdom
1896,536544,21035,SET/2 RED RETROSPOT TEA TOWELS ,3,2010-12-01 14:32:00,5.91,United Kingdom
1897,536544,21041,RED RETROSPOT OVEN GLOVE DOUBLE,2,2010-12-01 14:32:00,5.91,United Kingdom
1898,536544,21068,VINTAGE BILLBOARD LOVE/HATE MUG,1,2010-12-01 14:32:00,2.5099999999999998,United Kingdom
1899,536544,21069,VINTAGE BILLBOARD TEA MUG,1,2010-12-01 14:32:00,2.5099999999999998,United Kingdom
1900,536544,21070,VINTAGE BILLBOARD MUG ,1,2010-12-01 14:32:00,2.5099999999999998,United Kingdom
1901,536544,21071,VINTAGE BILLBOARD DRINK ME MUG,1,2010-12-01 14:32:00,2.5099999999999998,United Kingdom
1902,536544,21080,SET/20 RED RETROSPOT PAPER NAPKINS ,1,2010-12-01 14:32:00,1.66,United Kingdom
1903,536544,21098,CHRISTMAS TOILET ROLL,23,2010-12-01 14:32:00,2.5099999999999998,United Kingdom
1904,536544,21107,CREAM SLICE FLANNEL PINK SPOT ,1,2010-12-01 14:32:00,5.91,United Kingdom
1905,536544,21108,FAIRY CAKE FLANNEL ASSORTED COLOUR,3,2010-12-01 14:32:00,5.0599999999999996,United Kingdom
1906,536544,21115,ROSE CARAVAN DOORSTOP,1,2010-12-01 14:32:00,14.43,United Kingdom
1907,536544,21116,OWL DOORSTOP,1,2010-12-01 14:32:00,8.4700000000000006,United Kingdom
1908,536544,21121,SET/10 RED POLKADOT PARTY CANDLES,7,2010-12-01 14:32:00,2.5099999999999998,United Kingdom
1909,536544,21147,JINGLE BELLS TREE DECORATION,2,2010-12-01 14:32:00,2.5099999999999998,United Kingdom
1910,536544,21154,RED RETROSPOT OVEN GLOVE ,1,2010-12-01 14:32:00,2.5099999999999998,United Kingdom
1911,536544,21158,MOODY GIRL DOOR HANGER ,2,2010-12-01 14:32:00,3.36,United Kingdom
1912,536544,21165,BEWARE OF THE CAT METAL SIGN ,1,2010-12-01 14:32:00,4.21,United Kingdom
1913,536544,21166,COOK WITH WINE METAL SIGN ,2,2010-12-01 14:32:00,4.21,United Kingdom
1914,536544,21169,YOU'RE CONFUSING ME METAL SIGN ,1,2010-12-01 14:32:00,4.21,United Kingdom
1915,536544,21174,POTTERING IN THE SHED METAL SIGN,1,2010-12-01 14:32:00,4.21,United Kingdom
1916,536544,21175,GIN + TONIC DIET METAL SIGN,2,2010-12-01 14:32:00,4.21,United Kingdom
1917,536544,21189,WHITE HONEYCOMB PAPER GARLAND ,4,2010-12-01 14:32:00,3.36,United Kingdom
1918,536544,21191,LARGE WHITE HONEYCOMB PAPER BELL  ,6,2010-12-01 14:32:00,4.21,United Kingdom
1919,536544,21195,PINK  HONEYCOMB PAPER BALL ,5,2010-12-01 14:32:00,4.21,United Kingdom
1920,536544,21207,SKULL AND CROSSBONES  GARLAND ,2,2010-12-01 14:32:00,3.36,United Kingdom
1921,536544,21210,SET OF 72 RETROSPOT PAPER  DOILIES,1,2010-12-01 14:32:00,2.98,United Kingdom
1922,536544,21212,PACK OF 72 RETROSPOT CAKE CASES,8,2010-12-01 14:32:00,1.28,United Kingdom
1923,536544,21213,PACK OF 72 SKULL CAKE CASES,2,2010-12-01 14:32:00,1.28,United Kingdom
1924,536544,21216,"SET 3 RETROSPOT TEA,COFFEE,SUGAR",1,2010-12-01 14:32:00,11.02,United Kingdom
1925,536544,21217,RED RETROSPOT ROUND CAKE TINS,1,2010-12-01 14:32:00,21.23,United Kingdom
1926,536544,21218,RED SPOTTY BISCUIT TIN,1,2010-12-01 14:32:00,8.4700000000000006,United Kingdom
1927,536544,21231,SWEETHEART CERAMIC TRINKET BOX,4,2010-12-01 14:32:00,2.5099999999999998,United Kingdom
1928,536544,21232,STRAWBERRY CERAMIC TRINKET BOX,4,2010-12-01 14:32:00,2.5099999999999998,United Kingdom
1929,536544,21238,RED RETROSPOT CUP,4,2010-12-01 14:32:00,1.66,United Kingdom
1930,536544,21249,WOODLAND  HEIGHT CHART STICKERS ,1,2010-12-01 14:32:00,5.91,United Kingdom
1931,536544,21258,VICTORIAN SEWING BOX LARGE,1,2010-12-01 14:32:00,25.49,United Kingdom
1932,536544,21262,WHITE GOOSE FEATHER CHRISTMAS TREE ,2,2010-12-01 14:32:00,7.62,United Kingdom
1933,536544,21313,GLASS HEART T-LIGHT HOLDER ,2,2010-12-01 14:32:00,1.66,United Kingdom
1934,536544,21314,SMALL GLASS HEART TRINKET POT,12,2010-12-01 14:32:00,4.21,United Kingdom
1935,536544,21327,SKULLS WRITING SET ,1,2010-12-01 14:32:00,3.36,United Kingdom
1936,536544,21328,BALLOONS  WRITING SET ,2,2010-12-01 14:32:00,3.36,United Kingdom
1937,536544,21349,IVY HEART WREATH,1,2010-12-01 14:32:00,13.57,United Kingdom
1938,536544,21352,EUCALYPTUS & PINECONE  WREATH,2,2010-12-01 14:32:00,5.91,United Kingdom
1939,536544,21354,TOAST ITS - BEST MUM,1,2010-12-01 14:32:00,2.5099999999999998,United Kingdom
1940,536544,21365,MIRRORED WALL ART STARS,1,2010-12-01 14:32:00,5.91,United Kingdom
1941,536544,21366,MIRRORED WALL ART PHOTO FRAMES,1,2010-12-01 14:32:00,8.4700000000000006,United Kingdom
1942,536544,21369,MIRRORED WALL ART SPLODGES,1,2010-12-01 14:32:00,7.62,United Kingdom
1943,536544,21372,MIRRORED WALL ART TABLE LAMP,1,2010-12-01 14:32:00,5.91,United Kingdom
1944,536544,21385,IVORY HANGING DECORATION  HEART,2,2010-12-01 14:32:00,1.66,United Kingdom
1945,536544,21407,BROWN CHECK CAT DOORSTOP ,2,2010-12-01 14:32:00,8.4700000000000006,United Kingdom
1946,536544,21408,SPOTTY PINK DUCK DOORSTOP,1,2010-12-01 14:32:00,8.4700000000000006,United Kingdom
1947,536544,21429,RED GINGHAM ROSE JEWELLERY BOX,5,2010-12-01 14:32:00,3.36,United Kingdom
1948,536544,21479,WHITE SKULL HOT WATER BOTTLE ,5,2010-12-01 14:32:00,7.62,United Kingdom
1949,536544,21484,CHICK GREY HOT WATER BOTTLE,4,2010-12-01 14:32:00,7.62,United Kingdom
1950,536544,21486,PINK HEART DOTS HOT WATER BOTTLE,1,2010-12-01 14:32:00,4.21,United Kingdom
1951,536544,21488,RED WHITE SCARF  HOT WATER BOTTLE,1,2010-12-01 14:32:00,8.4700000000000006,United Kingdom
1952,536544,21507,"ELEPHANT, BIRTHDAY CARD, ",1,2010-12-01 14:32:00,0.85,United Kingdom
1953,536544,21523,DOORMAT FANCY FONT HOME SWEET HOME,1,2010-12-01 14:32:00,14.43,United Kingdom
1954,536544,21559,STRAWBERRY LUNCH BOX WITH CUTLERY,1,2010-12-01 14:32:00,5.0599999999999996,United Kingdom
1955,536544,21563,RED HEART SHAPE LOVE BUCKET ,2,2010-12-01 14:32:00,5.91,United Kingdom
1956,536544,21564,PINK  HEART SHAPE LOVE BUCKET ,2,2010-12-01 14:32:00,5.91,United Kingdom
1957,536544,21577,SAVE THE PLANET COTTON TOTE BAG,2,2010-12-01 14:32:00,5.0599999999999996,United Kingdom
1958,536544,21634,ASSORTED MINI MADRAS NOTEBOOK,1,2010-12-01 14:32:00,2.5099999999999998,United Kingdom
1959,536544,21641,ASSORTED TUTTI FRUTTI KEYRING BALL,1,2010-12-01 14:32:00,1.66,United Kingdom
1960,536544,21658,GLASS  BEURRE DISH,1,2010-12-01 14:32:00,8.4700000000000006,United Kingdom
1961,536544,21662,VINTAGE GLASS COFFEE CADDY,2,2010-12-01 14:32:00,11.87,United Kingdom
1962,536544,21679,SKULLS  STICKERS,3,2010-12-01 14:32:00,1.66,United Kingdom
1963,536544,21703,BAG 125g SWIRLY MARBLES,1,2010-12-01 14:32:00,0.85,United Kingdom
1964,536544,21704,BAG 250g SWIRLY MARBLES,1,2010-12-01 14:32:00,1.66,United Kingdom
1965,536544,21706,FOLDING UMBRELLA RED/WHITE POLKADOT,2,2010-12-01 14:32:00,10.17,United Kingdom
1966,536544,21716,BOYS VINTAGE TIN SEASIDE BUCKET,1,2010-12-01 14:32:00,5.0599999999999996,United Kingdom
1967,536544,21721,CANDY SHOP  STICKER SHEET,1,2010-12-01 14:32:00,1.66,United Kingdom
1968,536544,21722,SWEET PUDDING STICKER SHEET,1,2010-12-01 14:32:00,1.66,United Kingdom
1969,536544,21731,RED TOADSTOOL LED NIGHT LIGHT,5,2010-12-01 14:32:00,3.36,United Kingdom
1970,536544,21742,LARGE ROUND WICKER PLATTER ,1,2010-12-01 14:32:00,12.72,United Kingdom
1971,536544,21758,VINTAGE SHELLS PRINT,1,2010-12-01 14:32:00,12.72,United Kingdom
1972,536545,21134,,1,2010-12-01 14:32:00,0,United Kingdom
1973,536546,22145,,1,2010-12-01 14:33:00,0,United Kingdom
1974,536547,37509,,1,2010-12-01 14:33:00,0,United Kingdom
1975,C536548,22244,3 HOOK HANGER MAGIC GARDEN,-4,2010-12-01 14:33:00,1.95,Germany
1976,C536548,22242,5 HOOK HANGER MAGIC TOADSTOOL,-5,2010-12-01 14:33:00,1.65,Germany
1977,C536548,20914,SET/5 RED RETROSPOT LID GLASS BOWLS,-1,2010-12-01 14:33:00,2.95,Germany
1978,C536548,22892,SET OF SALT AND PEPPER TOADSTOOLS,-7,2010-12-01 14:33:00,1.25,Germany
1979,C536548,22654,DELUXE SEWING KIT ,-1,2010-12-01 14:33:00,5.95,Germany
1980,C536548,22767,TRIPLE PHOTO FRAME CORNICE ,-2,2010-12-01 14:33:00,9.9499999999999993,Germany
1981,C536548,22333,RETROSPOT PARTY BAG + STICKER SET,-1,2010-12-01 14:33:00,1.65,Germany
1982,C536548,22245,"HOOK, 1 HANGER ,MAGIC GARDEN",-2,2010-12-01 14:33:00,0.85,Germany
1983,C536548,22077,6 RIBBONS RUSTIC CHARM,-6,2010-12-01 14:33:00,1.65,Germany
1984,C536548,22631,CIRCUS PARADE LUNCH BOX ,-1,2010-12-01 14:33:00,1.95,Germany
1985,C536548,22168,ORGANISER WOOD ANTIQUE WHITE ,-2,2010-12-01 14:33:00,8.5,Germany
1986,C536548,21218,RED SPOTTY BISCUIT TIN,-3,2010-12-01 14:33:00,3.75,Germany
1987,C536548,20957,PORCELAIN HANGING BELL SMALL,-1,2010-12-01 14:33:00,1.45,Germany
1988,C536548,22580,ADVENT CALENDAR GINGHAM SACK,-4,2010-12-01 14:33:00,5.95,Germany
1989,536549,85226A,,1,2010-12-01 14:34:00,0,United Kingdom
1990,536550,85044,,1,2010-12-01 14:34:00,0,United Kingdom
1991,536551,84970L,SINGLE HEART ZINC T-LIGHT HOLDER,1,2010-12-01 14:34:00,0.95,United Kingdom
1992,536551,84970S,HANGING HEART ZINC T-LIGHT HOLDER,2,2010-12-01 14:34:00,0.85,United Kingdom
1993,536551,22466,FAIRY TALE COTTAGE NIGHTLIGHT,6,2010-12-01 14:34:00,1.95,United Kingdom
1994,536551,22625,RED KITCHEN SCALES,1,2010-12-01 14:34:00,8.5,United Kingdom
1995,536551,20914,SET/5 RED RETROSPOT LID GLASS BOWLS,3,2010-12-01 14:34:00,2.95,United Kingdom
1996,536551,22835,HOT WATER BOTTLE I AM SO POORLY,2,2010-12-01 14:34:00,4.6500000000000004,United Kingdom
1997,536551,22837,HOT WATER BOTTLE BABUSHKA ,2,2010-12-01 14:34:00,4.6500000000000004,United Kingdom
1998,536551,22900, SET 2 TEA TOWELS I LOVE LONDON ,1,2010-12-01 14:34:00,2.95,United Kingdom
1999,536551,22174,PHOTO CUBE,3,2010-12-01 14:34:00,1.65,United Kingdom
2000,536551,22112,CHOCOLATE HOT WATER BOTTLE,1,2010-12-01 14:34:00,4.95,United Kingdom
2001,536551,22895,SET OF 2 TEA TOWELS APPLE AND PEARS,1,2010-12-01 14:34:00,2.95,United Kingdom
2002,536551,21592,RETROSPOT CIGAR BOX MATCHES ,2,2010-12-01 14:34:00,1.25,United Kingdom
2003,536551,79144B,PAINTED LIGHTBULB STAR+ MOON,2,2010-12-01 14:34:00,0.42,United Kingdom
2004,536551,22900, SET 2 TEA TOWELS I LOVE LONDON ,1,2010-12-01 14:34:00,2.95,United Kingdom
2005,536551,22551,PLASTERS IN TIN SPACEBOY,1,2010-12-01 14:34:00,1.65,United Kingdom
2006,536551,22310,IVORY KNITTED MUG COSY ,2,2010-12-01 14:34:00,1.65,United Kingdom
2007,536551,22557,PLASTERS IN TIN VINTAGE PAISLEY ,1,2010-12-01 14:34:00,1.65,United Kingdom
2008,536551,22555,PLASTERS IN TIN STRONGMAN,1,2010-12-01 14:34:00,1.65,United Kingdom
2009,536551,22480,RED TEA TOWEL CLASSIC DESIGN,2,2010-12-01 14:34:00,1.25,United Kingdom
2010,536551,22482,BLUE TEA TOWEL CLASSIC DESIGN,2,2010-12-01 14:34:00,1.25,United Kingdom
2011,536551,22481,BLACK TEA TOWEL CLASSIC DESIGN,2,2010-12-01 14:34:00,1.25,United Kingdom
2012,536551,22663,JUMBO BAG DOLLY GIRL DESIGN,4,2010-12-01 14:34:00,1.95,United Kingdom
2013,536551,22659,LUNCH BOX I LOVE LONDON,1,2010-12-01 14:34:00,1.95,United Kingdom
2014,536551,84949,SILVER HANGING T-LIGHT HOLDER,6,2010-12-01 14:34:00,1.65,United Kingdom
2015,536551,21326,AGED GLASS SILVER T-LIGHT HOLDER,12,2010-12-01 14:34:00,0.65,United Kingdom
2016,536551,22713,CARD I LOVE LONDON ,12,2010-12-01 14:34:00,0.42,United Kingdom
2017,536551,22551,PLASTERS IN TIN SPACEBOY,1,2010-12-01 14:34:00,1.65,United Kingdom
2018,536551,22310,IVORY KNITTED MUG COSY ,4,2010-12-01 14:34:00,1.65,United Kingdom
2019,536551,22111,SCOTTIE DOG HOT WATER BOTTLE,1,2010-12-01 14:34:00,4.95,United Kingdom
2020,536551,21592,RETROSPOT CIGAR BOX MATCHES ,1,2010-12-01 14:34:00,1.25,United Kingdom
2021,536551,22112,CHOCOLATE HOT WATER BOTTLE,1,2010-12-01 14:34:00,4.95,United Kingdom
2022,536551,22895,SET OF 2 TEA TOWELS APPLE AND PEARS,1,2010-12-01 14:34:00,2.95,United Kingdom
2023,536551,22629,SPACEBOY LUNCH BOX ,1,2010-12-01 14:34:00,1.95,United Kingdom
2024,536551,21916,SET 12 RETRO WHITE CHALK STICKS,3,2010-12-01 14:34:00,0.42,United Kingdom
2025,536551,21917,SET 12 KIDS  WHITE CHALK STICKS,1,2010-12-01 14:34:00,0.42,United Kingdom
2026,536552,20950,,1,2010-12-01 14:34:00,0,United Kingdom
2027,536553,37461,,3,2010-12-01 14:35:00,0,United Kingdom
2028,536554,84670,,23,2010-12-01 14:35:00,0,United Kingdom
2029,536555,20697,LITTLE GREEN MONSTER SOFT TOY,1,2010-12-01 14:37:00,2.5499999999999998,United Kingdom
2030,536555,22716,CARD CIRCUS PARADE,1,2010-12-01 14:37:00,0.42,United Kingdom
2031,536556,22599,CHRISTMAS MUSICAL ZINC STAR,12,2010-12-01 14:38:00,0.85,United Kingdom
2032,536556,22597,CHRISTMAS MUSICAL ZINC HEART ,12,2010-12-01 14:38:00,0.85,United Kingdom
2033,536556,22336,DOVE DECORATION PAINTED ZINC ,24,2010-12-01 14:38:00,0.65,United Kingdom
2034,536556,21922,UNION STRIPE WITH FRINGE  HAMMOCK,2,2010-12-01 14:38:00,7.95,United Kingdom
2035,536556,35961,FOLKART ZINC HEART CHRISTMAS DEC,12,2010-12-01 14:38:00,0.85,United Kingdom
2036,536556,21843,RED RETROSPOT CAKE STAND,1,2010-12-01 14:38:00,10.95,United Kingdom
2037,536556,20749,ASSORTED COLOUR MINI CASES,2,2010-12-01 14:38:00,7.95,United Kingdom
2038,536556,22694,WICKER STAR ,6,2010-12-01 14:38:00,2.1,United Kingdom
2039,536557,21495,SKULLS AND CROSSBONES WRAP,25,2010-12-01 14:41:00,0.42,United Kingdom
2040,536557,46000R,POLYESTER FILLER PAD 45x30cm,2,2010-12-01 14:41:00,1.45,United Kingdom
2041,536557,46000S,POLYESTER FILLER PAD 40x40cm,1,2010-12-01 14:41:00,1.45,United Kingdom
2042,536557,22731,3D CHRISTMAS STAMPS STICKERS ,1,2010-12-01 14:41:00,1.25,United Kingdom
2043,536557,21258,VICTORIAN SEWING BOX LARGE,1,2010-12-01 14:41:00,12.75,United Kingdom
2044,536557,21041,RED RETROSPOT OVEN GLOVE DOUBLE,1,2010-12-01 14:41:00,2.95,United Kingdom
2045,536557,84920,PINK FLOWER FABRIC PONY,1,2010-12-01 14:41:00,3.75,United Kingdom
2046,536557,22173,METAL 4 HOOK HANGER FRENCH CHATEAU,1,2010-12-01 14:41:00,2.95,United Kingdom
2047,536557,22953,BIRTHDAY PARTY CORDON BARRIER TAPE,1,2010-12-01 14:41:00,1.25,United Kingdom
2048,536557,84508A,CAMOUFLAGE DESIGN TEDDY,1,2010-12-01 14:41:00,2.5499999999999998,United Kingdom
2049,536557,22471,TV DINNER TRAY AIR HOSTESS ,1,2010-12-01 14:41:00,4.95,United Kingdom
2050,536557,21935,SUKI  SHOULDER BAG,4,2010-12-01 14:41:00,1.65,United Kingdom
2051,536557,21670,BLUE SPOT CERAMIC DRAWER KNOB,6,2010-12-01 14:41:00,1.25,United Kingdom
2052,536557,20668,DISCO BALL CHRISTMAS DECORATION,24,2010-12-01 14:41:00,0.12,United Kingdom
2053,536557,21672,WHITE SPOT RED CERAMIC DRAWER KNOB,1,2010-12-01 14:41:00,1.25,United Kingdom
2054,536557,22553,PLASTERS IN TIN SKULLS,1,2010-12-01 14:41:00,1.65,United Kingdom
2055,536557,22041,"RECORD FRAME 7"" SINGLE SIZE ",4,2010-12-01 14:41:00,2.5499999999999998,United Kingdom
2056,536557,20972,PINK CREAM FELT CRAFT TRINKET BOX ,2,2010-12-01 14:41:00,1.25,United Kingdom
2057,536557,22568,FELTCRAFT CUSHION OWL,1,2010-12-01 14:41:00,3.75,United Kingdom
2058,536557,22570,FELTCRAFT CUSHION RABBIT,1,2010-12-01 14:41:00,3.75,United Kingdom
2059,536557,22730,ALARM CLOCK BAKELIKE IVORY,1,2010-12-01 14:41:00,3.75,United Kingdom
2060,536557,20749,ASSORTED COLOUR MINI CASES,1,2010-12-01 14:41:00,7.95,United Kingdom
2061,536557,22785,SQUARECUSHION COVER PINK UNION FLAG,1,2010-12-01 14:41:00,6.75,United Kingdom
2062,536557,22786,CUSHION COVER PINK UNION JACK,2,2010-12-01 14:41:00,5.95,United Kingdom
2063,536557,85064,CREAM SWEETHEART LETTER RACK,2,2010-12-01 14:41:00,5.45,United Kingdom
2064,536557,22212,FOUR HOOK  WHITE LOVEBIRDS,1,2010-12-01 14:41:00,2.1,United Kingdom
2065,536557,21486,PINK HEART DOTS HOT WATER BOTTLE,2,2010-12-01 14:41:00,3.75,United Kingdom
2066,536557,22114,HOT WATER BOTTLE TEA AND SYMPATHY,2,2010-12-01 14:41:00,3.95,United Kingdom
2067,536557,21485,RETROSPOT HEART HOT WATER BOTTLE,1,2010-12-01 14:41:00,4.95,United Kingdom
2068,536557,84029E,RED WOOLLY HOTTIE WHITE HEART.,1,2010-12-01 14:41:00,3.75,United Kingdom
2069,536557,22678,FRENCH BLUE METAL DOOR SIGN 3,3,2010-12-01 14:41:00,1.25,United Kingdom
2070,536557,22686,FRENCH BLUE METAL DOOR SIGN No,1,2010-12-01 14:41:00,1.25,United Kingdom
2071,536557,22468,BABUSHKA LIGHTS STRING OF 10,1,2010-12-01 14:41:00,6.75,United Kingdom
2072,536557,85232B,SET OF 3 BABUSHKA STACKING TINS,1,2010-12-01 14:41:00,4.95,United Kingdom
2073,536557,21479,WHITE SKULL HOT WATER BOTTLE ,5,2010-12-01 14:41:00,3.75,United Kingdom
2074,536557,84029G,KNITTED UNION FLAG HOT WATER BOTTLE,2,2010-12-01 14:41:00,3.75,United Kingdom
2075,536557,22837,HOT WATER BOTTLE BABUSHKA ,5,2010-12-01 14:41:00,4.6500000000000004,United Kingdom
2076,536557,22112,CHOCOLATE HOT WATER BOTTLE,2,2010-12-01 14:41:00,4.95,United Kingdom
2077,536557,22835,HOT WATER BOTTLE I AM SO POORLY,1,2010-12-01 14:41:00,4.6500000000000004,United Kingdom
2078,536557,21485,RETROSPOT HEART HOT WATER BOTTLE,2,2010-12-01 14:41:00,4.95,United Kingdom
2079,536557,22111,SCOTTIE DOG HOT WATER BOTTLE,7,2010-12-01 14:41:00,4.95,United Kingdom
2080,536557,22667,RECIPE BOX RETROSPOT ,1,2010-12-01 14:41:00,2.95,United Kingdom
2081,536557,22666,RECIPE BOX PANTRY YELLOW DESIGN,1,2010-12-01 14:41:00,2.95,United Kingdom
2082,536557,21259,VICTORIAN SEWING BOX SMALL ,4,2010-12-01 14:41:00,5.95,United Kingdom
2083,536557,22941,CHRISTMAS LIGHTS 10 REINDEER,1,2010-12-01 14:41:00,8.5,United Kingdom
2084,536557,82484,WOOD BLACK BOARD ANT WHITE FINISH,1,2010-12-01 14:41:00,6.45,United Kingdom
2085,536557,84685,BEACH HUT KEY CABINET,1,2010-12-01 14:41:00,3.75,United Kingdom
2086,536557,21363,HOME SMALL WOOD LETTERS,1,2010-12-01 14:41:00,4.95,United Kingdom
2087,536557,85232B,SET OF 3 BABUSHKA STACKING TINS,1,2010-12-01 14:41:00,4.95,United Kingdom
2088,536557,22755,SMALL PURPLE BABUSHKA NOTEBOOK ,11,2010-12-01 14:41:00,0.85,United Kingdom
2089,536557,20616,CHERRY BLOSSOM PASSPORT COVER,2,2010-12-01 14:41:00,2.1,United Kingdom
2090,536557,22451,SILK PURSE BABUSHKA RED,3,2010-12-01 14:41:00,3.35,United Kingdom
2091,536557,22114,HOT WATER BOTTLE TEA AND SYMPATHY,1,2010-12-01 14:41:00,3.95,United Kingdom
2092,536557,22753,SMALL YELLOW BABUSHKA NOTEBOOK ,9,2010-12-01 14:41:00,0.85,United Kingdom
2093,536557,79066K,RETRO MOD TRAY,1,2010-12-01 14:41:00,0.85,United Kingdom
2094,536557,22794,SWEETHEART WIRE MAGAZINE RACK,1,2010-12-01 14:41:00,7.95,United Kingdom
2095,536557,22592,CARDHOLDER HOLLY WREATH METAL,1,2010-12-01 14:41:00,3.75,United Kingdom
2096,536557,84352,SILVER CHRISTMAS TREE BAUBLE STAND ,1,2010-12-01 14:41:00,16.95,United Kingdom
2097,536557,79321,CHILLI LIGHTS,24,2010-12-01 14:41:00,4.25,United Kingdom
2098,536557,22694,WICKER STAR ,2,2010-12-01 14:41:00,2.1,United Kingdom
2099,536557,21098,CHRISTMAS TOILET ROLL,2,2010-12-01 14:41:00,1.25,United Kingdom
2100,536557,22470,HEART OF WICKER LARGE,2,2010-12-01 14:41:00,2.95,United Kingdom
2101,536557,22795,SWEETHEART RECIPE BOOK STAND,2,2010-12-01 14:41:00,6.75,United Kingdom
2102,536557,20963,APPLE BATH SPONGE,1,2010-12-01 14:41:00,1.25,United Kingdom
2103,536557,22278,OVERNIGHT BAG VINTAGE ROSE PAISLEY,1,2010-12-01 14:41:00,4.95,United Kingdom
2104,536558,22802,FAUX FUR CHOCOLATE THROW,5,2010-12-01 14:48:00,19.95,United Kingdom
2105,536559,84884A,ANT WHITE WIRE HEART SPIRAL,10,2010-12-01 14:54:00,3.95,United Kingdom
2106,536559,51014C,"FEATHER PEN,COAL BLACK",24,2010-12-01 14:54:00,0.85,United Kingdom
2107,536559,51014L,"FEATHER PEN,LIGHT PINK",12,2010-12-01 14:54:00,0.85,United Kingdom
2108,536559,51014L,"FEATHER PEN,LIGHT PINK",12,2010-12-01 14:54:00,0.85,United Kingdom
2109,536559,51014C,"FEATHER PEN,COAL BLACK",12,2010-12-01 14:54:00,0.85,United Kingdom
2110,536559,51014A,"FEATHER PEN,HOT PINK",12,2010-12-01 14:54:00,0.85,United Kingdom
2111,536559,22366,DOORMAT AIRMAIL ,10,2010-12-01 14:54:00,6.75,United Kingdom
2112,536559,22876,NUMBER TILE COTTAGE GARDEN 8,1,2010-12-01 14:54:00,1.95,United Kingdom
2113,536559,22953,BIRTHDAY PARTY CORDON BARRIER TAPE,36,2010-12-01 14:54:00,1.25,United Kingdom
2114,536560,79321,CHILLI LIGHTS,48,2010-12-01 15:00:00,4.25,United Kingdom
2115,536560,48129,DOORMAT TOPIARY,10,2010-12-01 15:00:00,6.75,United Kingdom
2116,536560,48111,DOORMAT 3 SMILEY CATS,10,2010-12-01 15:00:00,6.75,United Kingdom
2117,536560,22960,JAM MAKING SET WITH JARS,12,2010-12-01 15:00:00,3.75,United Kingdom
2118,536560,22847,BREAD BIN DINER STYLE IVORY,4,2010-12-01 15:00:00,14.95,United Kingdom
2119,536560,22846,BREAD BIN DINER STYLE RED ,4,2010-12-01 15:00:00,14.95,United Kingdom
2120,536560,22665,RECIPE BOX BLUE SKETCHBOOK DESIGN,6,2010-12-01 15:00:00,2.95,United Kingdom
2121,536560,22652,TRAVEL SEWING KIT,10,2010-12-01 15:00:00,1.65,United Kingdom
2122,536560,22418,10 COLOUR SPACEBOY PEN,96,2010-12-01 15:00:00,0.85,United Kingdom
2123,536560,22402,MAGNETS PACK OF 4 VINTAGE COLLAGE,12,2010-12-01 15:00:00,1.25,United Kingdom
2124,536560,22400,MAGNETS PACK OF 4 HOME SWEET HOME,12,2010-12-01 15:00:00,1.25,United Kingdom
2125,536560,22399,MAGNETS PACK OF 4 CHILDHOOD MEMORY,12,2010-12-01 15:00:00,1.25,United Kingdom
2126,536560,20685,DOORMAT RED RETROSPOT,20,2010-12-01 15:00:00,6.75,United Kingdom
2127,536561,22318,FIVE HEART HANGING DECORATION,6,2010-12-01 15:06:00,2.95,United Kingdom
2128,536561,22551,PLASTERS IN TIN SPACEBOY,12,2010-12-01 15:06:00,1.65,United Kingdom
2129,536561,22748,POPPY'S PLAYHOUSE KITCHEN,6,2010-12-01 15:06:00,2.1,United Kingdom
2130,536561,22745,POPPY'S PLAYHOUSE BEDROOM ,6,2010-12-01 15:06:00,2.1,United Kingdom
2131,536561,21731,RED TOADSTOOL LED NIGHT LIGHT,12,2010-12-01 15:06:00,1.65,United Kingdom
2132,536561,22466,FAIRY TALE COTTAGE NIGHTLIGHT,12,2010-12-01 15:06:00,1.95,United Kingdom
2133,536561,20972,PINK CREAM FELT CRAFT TRINKET BOX ,12,2010-12-01 15:06:00,1.25,United Kingdom
2134,536561,22274,FELTCRAFT DOLL EMILY,6,2010-12-01 15:06:00,2.95,United Kingdom
2135,536561,22750,FELTCRAFT PRINCESS LOLA DOLL,4,2010-12-01 15:06:00,3.75,United Kingdom
2136,536561,22780,LIGHT GARLAND BUTTERFILES PINK,8,2010-12-01 15:06:00,4.25,United Kingdom
2137,536561,22779,WOODEN OWLS LIGHT GARLAND ,8,2010-12-01 15:06:00,4.25,United Kingdom
2138,536561,22866,HAND WARMER SCOTTY DOG DESIGN,12,2010-12-01 15:06:00,2.1,United Kingdom
2139,536561,22867,HAND WARMER BIRD DESIGN,12,2010-12-01 15:06:00,2.1,United Kingdom
2140,536561,22865,HAND WARMER OWL DESIGN,12,2010-12-01 15:06:00,2.1,United Kingdom
2141,536561,22632,HAND WARMER RED RETROSPOT,12,2010-12-01 15:06:00,2.1,United Kingdom
2142,536562,21777,RECIPE BOX WITH METAL HEART,2,2010-12-01 15:08:00,7.95,United Kingdom
2143,536562,79302M,"ART LIGHTS,FUNK MONKEY",6,2010-12-01 15:08:00,2.95,United Kingdom
2144,536562,22752,SET 7 BABUSHKA NESTING BOXES,2,2010-12-01 15:08:00,8.5,United Kingdom
2145,536562,21609,SET 12 LAVENDER  BOTANICAL T-LIGHTS,6,2010-12-01 15:08:00,2.95,United Kingdom
2146,536562,20685,DOORMAT RED RETROSPOT,2,2010-12-01 15:08:00,7.95,United Kingdom
2147,536562,48185,DOORMAT FAIRY CAKE,2,2010-12-01 15:08:00,7.95,United Kingdom
2148,536562,48194,DOORMAT HEARTS,2,2010-12-01 15:08:00,7.95,United Kingdom
2149,536562,22423,REGENCY CAKESTAND 3 TIER,2,2010-12-01 15:08:00,12.75,United Kingdom
2150,536562,37446,MINI CAKE STAND WITH HANGING CAKES,8,2010-12-01 15:08:00,1.45,United Kingdom
2151,536562,37449,CERAMIC CAKE STAND + HANGING CAKES,2,2010-12-01 15:08:00,9.9499999999999993,United Kingdom
2152,536562,21231,SWEETHEART CERAMIC TRINKET BOX,12,2010-12-01 15:08:00,1.25,United Kingdom
2153,536562,21232,STRAWBERRY CERAMIC TRINKET BOX,12,2010-12-01 15:08:00,1.25,United Kingdom
2154,536562,84509B,SET OF 4 FAIRY CAKE PLACEMATS,4,2010-12-01 15:08:00,3.75,United Kingdom
2155,536562,22313,OFFICE MUG WARMER PINK,6,2010-12-01 15:08:00,2.95,United Kingdom
2156,536562,22314,OFFICE MUG WARMER CHOC+BLUE,6,2010-12-01 15:08:00,2.95,United Kingdom
2157,536562,21181,PLEASE ONE PERSON METAL SIGN,12,2010-12-01 15:08:00,2.1,United Kingdom
2158,536562,72741,GRAND CHOCOLATECANDLE,9,2010-12-01 15:08:00,1.45,United Kingdom
2159,536562,22187,GREEN CHRISTMAS TREE CARD HOLDER,4,2010-12-01 15:08:00,4.25,United Kingdom
2160,536563,85199S,SMALL HANGING IVORY/RED WOOD BIRD,72,2010-12-01 15:08:00,0.42,United Kingdom
2161,536563,22909,SET OF 20 VINTAGE CHRISTMAS NAPKINS,10,2010-12-01 15:08:00,0.85,United Kingdom
2162,536563,22798,ANTIQUE GLASS DRESSING TABLE POT,4,2010-12-01 15:08:00,2.95,United Kingdom
2163,536563,22800,ANTIQUE TALL SWIRLGLASS TRINKET POT,4,2010-12-01 15:08:00,3.75,United Kingdom
2164,536563,21818,GLITTER CHRISTMAS HEART ,36,2010-12-01 15:08:00,0.85,United Kingdom
2165,536563,22976,CIRCUS PARADE CHILDRENS EGG CUP ,24,2010-12-01 15:08:00,1.25,United Kingdom
2166,536563,21452,TOADSTOOL MONEY BOX,10,2010-12-01 15:08:00,2.95,United Kingdom
2167,536563,22964,3 PIECE SPACEBOY COOKIE CUTTER SET,4,2010-12-01 15:08:00,2.1,United Kingdom
2168,536563,22941,CHRISTMAS LIGHTS 10 REINDEER,1,2010-12-01 15:08:00,8.5,United Kingdom
2169,536564,37446,MINI CAKE STAND WITH HANGING CAKES,8,2010-12-01 15:08:00,1.45,United Kingdom
2170,536564,37449,CERAMIC CAKE STAND + HANGING CAKES,4,2010-12-01 15:08:00,9.9499999999999993,United Kingdom
2171,536565,21372,MIRRORED WALL ART TABLE LAMP,1,2010-12-01 15:15:00,2.95,United Kingdom
2172,536565,21369,MIRRORED WALL ART SPLODGES,1,2010-12-01 15:15:00,3.75,United Kingdom
2173,536566,21668,RED STRIPE CERAMIC DRAWER KNOB,6,2010-12-01 15:21:00,1.25,United Kingdom
2174,536566,22771,CLEAR DRAWER KNOB ACRYLIC EDWARDIAN,10,2010-12-01 15:21:00,1.25,United Kingdom
2175,536566,22805,BLUE DRAWER KNOB ACRYLIC EDWARDIAN,9,2010-12-01 15:21:00,1.25,United Kingdom
2176,536566,22772,PINK DRAWER KNOB ACRYLIC EDWARDIAN,20,2010-12-01 15:21:00,1.25,United Kingdom
2177,536566,22774,RED DRAWER KNOB ACRYLIC EDWARDIAN,36,2010-12-01 15:21:00,1.25,United Kingdom
2178,536566,22773,GREEN DRAWER KNOB ACRYLIC EDWARDIAN,12,2010-12-01 15:21:00,1.25,United Kingdom
2179,536567,22867,HAND WARMER BIRD DESIGN,24,2010-12-01 15:27:00,2.1,United Kingdom
2180,536567,22866,HAND WARMER SCOTTY DOG DESIGN,24,2010-12-01 15:27:00,2.1,United Kingdom
2181,536567,22865,HAND WARMER OWL DESIGN,24,2010-12-01 15:27:00,2.1,United Kingdom
2182,536567,21231,SWEETHEART CERAMIC TRINKET BOX,12,2010-12-01 15:27:00,1.25,United Kingdom
2183,536567,22645,CERAMIC HEART FAIRY CAKE MONEY BANK,12,2010-12-01 15:27:00,1.45,United Kingdom
2184,536567,22646,CERAMIC STRAWBERRY CAKE MONEY BANK,12,2010-12-01 15:27:00,1.45,United Kingdom
2185,536567,22632,HAND WARMER RED RETROSPOT,24,2010-12-01 15:27:00,2.1,United Kingdom
2186,536568,22915,ASSORTED BOTTLE TOP  MAGNETS ,12,2010-12-01 15:28:00,0.42,United Kingdom
2187,536569,22171,3 HOOK PHOTO SHELF ANTIQUE WHITE,1,2010-12-01 15:35:00,8.5,United Kingdom
2188,536569,21462,"NURSERY A,B,C PAINTED LETTERS",1,2010-12-01 15:35:00,6.75,United Kingdom
2189,536569,22622,BOX OF VINTAGE ALPHABET BLOCKS,1,2010-12-01 15:35:00,9.9499999999999993,United Kingdom
2190,536569,22616,PACK OF 12 LONDON TISSUES ,12,2010-12-01 15:35:00,0.28999999999999998,United Kingdom
2191,536569,22713,CARD I LOVE LONDON ,12,2010-12-01 15:35:00,0.42,United Kingdom
2192,536569,22111,SCOTTIE DOG HOT WATER BOTTLE,1,2010-12-01 15:35:00,4.95,United Kingdom
2193,536569,22496,SET OF 2 ROUND TINS DUTCH CHEESE,1,2010-12-01 15:35:00,2.95,United Kingdom
2194,536569,84870C,GREEN GEISHA GIRL ,1,2010-12-01 15:35:00,3.75,United Kingdom
2195,536569,22659,LUNCH BOX I LOVE LONDON,1,2010-12-01 15:35:00,1.95,United Kingdom
2196,536569,22494,EMERGENCY FIRST AID TIN ,1,2010-12-01 15:35:00,1.25,United Kingdom
2197,536569,22111,SCOTTIE DOG HOT WATER BOTTLE,1,2010-12-01 15:35:00,4.95,United Kingdom
2198,536569,22113,GREY HEART HOT WATER BOTTLE,1,2010-12-01 15:35:00,3.75,United Kingdom
2199,536569,84870B,BLUE GEISHA GIRL ,1,2010-12-01 15:35:00,3.75,United Kingdom
2200,536569,22119,PEACE WOODEN BLOCK LETTERS,1,2010-12-01 15:35:00,6.95,United Kingdom
2201,536569,22121,NOEL WOODEN BLOCK LETTERS ,1,2010-12-01 15:35:00,5.95,United Kingdom
2202,536569,22765,NEWSPAPER STAND,1,2010-12-01 15:35:00,14.95,United Kingdom
2203,536569,21351,CINAMMON & ORANGE WREATH,2,2010-12-01 15:35:00,6.75,United Kingdom
2204,536569,22130,PARTY CONE CHRISTMAS DECORATION ,12,2010-12-01 15:35:00,0.85,United Kingdom
2205,536569,21191,LARGE WHITE HONEYCOMB PAPER BELL  ,2,2010-12-01 15:35:00,2.1,United Kingdom
2206,536569,22945,CHRISTMAS METAL TAGS ASSORTED ,12,2010-12-01 15:35:00,0.85,United Kingdom
2207,536569,22581,WOOD STOCKING CHRISTMAS SCANDISPOT,3,2010-12-01 15:35:00,0.85,United Kingdom
2208,536569,22639,SET OF 4 NAPKIN CHARMS HEARTS,1,2010-12-01 15:35:00,2.5499999999999998,United Kingdom
2209,536569,22579,WOODEN TREE CHRISTMAS SCANDINAVIAN,1,2010-12-01 15:35:00,0.85,United Kingdom
2210,536569,22572,ROCKING HORSE GREEN CHRISTMAS ,1,2010-12-01 15:35:00,0.85,United Kingdom
2211,536569,21809,CHRISTMAS HANGING TREE WITH BELL,1,2010-12-01 15:35:00,1.25,United Kingdom
2212,536569,21818,GLITTER CHRISTMAS HEART ,1,2010-12-01 15:35:00,0.85,United Kingdom
2213,536569,22571,ROCKING HORSE RED CHRISTMAS ,4,2010-12-01 15:35:00,0.85,United Kingdom
2214,536569,21810,CHRISTMAS HANGING STAR WITH BELL,2,2010-12-01 15:35:00,1.25,United Kingdom
2215,536569,21809,CHRISTMAS HANGING TREE WITH BELL,1,2010-12-01 15:35:00,1.25,United Kingdom
2216,536569,21147,JINGLE BELLS TREE DECORATION,2,2010-12-01 15:35:00,2.1,United Kingdom
2217,536569,21811,CHRISTMAS HANGING HEART WITH BELL,2,2010-12-01 15:35:00,1.25,United Kingdom
2218,536569,22640,SET OF 4 NAPKIN CHARMS 3 KEYS ,1,2010-12-01 15:35:00,2.5499999999999998,United Kingdom
2219,536569,22641,SET OF 4 NAPKIN CHARMS INSTRUMENT,2,2010-12-01 15:35:00,2.5499999999999998,United Kingdom
2220,536569,22638,SET OF 4 NAPKIN CHARMS CROWNS ,1,2010-12-01 15:35:00,2.5499999999999998,United Kingdom
2221,536569,22573,STAR WOODEN CHRISTMAS DECORATION,1,2010-12-01 15:35:00,0.85,United Kingdom
2222,536569,22576,SWALLOW WOODEN CHRISTMAS DECORATION,3,2010-12-01 15:35:00,0.85,United Kingdom
2223,536569,22603,CHRISTMAS RETROSPOT TREE WOOD,1,2010-12-01 15:35:00,0.85,United Kingdom
2224,536569,21817,GLITTER CHRISTMAS TREE,1,2010-12-01 15:35:00,0.85,United Kingdom
2225,536569,21813,GARLAND WITH STARS AND BELLS,1,2010-12-01 15:35:00,4.95,United Kingdom
2226,536569,21808,"CHRISTMAS GARLAND STARS,TREES",1,2010-12-01 15:35:00,3.75,United Kingdom
2227,536569,21804,WHITE CHRISTMAS GARLAND STARS TREES,1,2010-12-01 15:35:00,3.75,United Kingdom
2228,536569,21014,SWISS CHALET TREE DECORATION ,2,2010-12-01 15:35:00,0.85,United Kingdom
2229,536569,21823,PAINTED METAL HEART WITH HOLLY BELL,4,2010-12-01 15:35:00,1.45,United Kingdom
2230,536569,22086,PAPER CHAIN KIT 50'S CHRISTMAS ,1,2010-12-01 15:35:00,2.95,United Kingdom
2231,536569,21018,BIRD BOX CHRISTMAS TREE DECORATION,2,2010-12-01 15:35:00,0.85,United Kingdom
2232,536569,22739,RIBBON REEL CHRISTMAS SOCK BAUBLE,1,2010-12-01 15:35:00,1.65,United Kingdom
2233,536569,22738,RIBBON REEL SNOWY VILLAGE,1,2010-12-01 15:35:00,1.65,United Kingdom
2234,536569,22635,CHILDS BREAKFAST SET DOLLY GIRL ,1,2010-12-01 15:35:00,9.9499999999999993,United Kingdom
2235,536569,22731,3D CHRISTMAS STAMPS STICKERS ,2,2010-12-01 15:35:00,1.25,United Kingdom
2236,536569,22428,ENAMEL FIRE BUCKET CREAM,1,2010-12-01 15:35:00,6.95,United Kingdom
2237,536569,22946,WOODEN ADVENT CALENDAR CREAM,1,2010-12-01 15:35:00,16.95,United Kingdom
2238,536569,22825,DECORATIVE PLANT POT WITH FRIEZE,1,2010-12-01 15:35:00,7.95,United Kingdom
2239,536569,21871,SAVE THE PLANET MUG,1,2010-12-01 15:35:00,1.25,United Kingdom
2240,536569,21071,VINTAGE BILLBOARD DRINK ME MUG,1,2010-12-01 15:35:00,1.25,United Kingdom
2241,536569,M,Manual,1,2010-12-01 15:35:00,1.25,United Kingdom
2242,536569,21340,CLASSIC METAL BIRDCAGE PLANT HOLDER,1,2010-12-01 15:35:00,12.75,United Kingdom
2243,536569,22816,CARD MOTORBIKE SANTA,12,2010-12-01 15:35:00,0.42,United Kingdom
2244,536569,22818,CARD CHRISTMAS VILLAGE,12,2010-12-01 15:35:00,0.42,United Kingdom
2245,536569,21591,COSY HOUR CIGAR BOX MATCHES ,2,2010-12-01 15:35:00,1.25,United Kingdom
2246,536569,21587,COSY HOUR GIANT TUBE MATCHES,3,2010-12-01 15:35:00,2.5499999999999998,United Kingdom
2247,536569,22750,FELTCRAFT PRINCESS LOLA DOLL,1,2010-12-01 15:35:00,3.75,United Kingdom
2248,536569,22767,TRIPLE PHOTO FRAME CORNICE ,1,2010-12-01 15:35:00,9.9499999999999993,United Kingdom
2249,536569,22660,DOORMAT I LOVE LONDON,1,2010-12-01 15:35:00,7.95,United Kingdom
2250,536569,85232B,SET OF 3 BABUSHKA STACKING TINS,1,2010-12-01 15:35:00,4.95,United Kingdom
2251,536569,22941,CHRISTMAS LIGHTS 10 REINDEER,1,2010-12-01 15:35:00,8.5,United Kingdom
2252,536569,M,Manual,1,2010-12-01 15:35:00,18.95,United Kingdom
2253,536569,21761,WOOD AND GLASS MEDICINE CABINET,1,2010-12-01 15:35:00,29.95,United Kingdom
2254,536570,84836,ZINC METAL HEART DECORATION,12,2010-12-01 15:35:00,1.25,United Kingdom
2255,536570,21781,MA CAMPAGNE CUTLERY BOX,2,2010-12-01 15:35:00,14.95,United Kingdom
2256,536570,22457,NATURAL SLATE HEART CHALKBOARD ,12,2010-12-01 15:35:00,2.95,United Kingdom
2257,536570,22113,GREY HEART HOT WATER BOTTLE,36,2010-12-01 15:35:00,3.39,United Kingdom
2258,536570,22835,HOT WATER BOTTLE I AM SO POORLY,24,2010-12-01 15:35:00,4.25,United Kingdom
2259,536571,85032D,YULETIDE IMAGES GIFT WRAP SET,6,2010-12-01 15:37:00,2.1,United Kingdom
2260,536571,22696,WICKER WREATH LARGE,6,2010-12-01 15:37:00,1.95,United Kingdom
2261,536571,21790,VINTAGE SNAP CARDS,12,2010-12-01 15:37:00,0.85,United Kingdom
2262,536571,84360,TABLE LAMP WHITE SHADE WOOD BASE,2,2010-12-01 15:37:00,5.95,United Kingdom
2263,536571,35954,SMALL FOLKART STAR CHRISTMAS DEC,48,2010-12-01 15:37:00,0.42,United Kingdom
2264,536571,35957,SMALLFOLKART BAUBLE CHRISTMAS DEC,48,2010-12-01 15:37:00,0.42,United Kingdom
2265,536571,84760S,SMALL HANGING GLASS+ZINC LANTERN,12,2010-12-01 15:37:00,1.45,United Kingdom
2266,536571,72816,SET/3 CHRISTMAS DECOUPAGE CANDLES,12,2010-12-01 15:37:00,1.25,United Kingdom
2267,536571,84754,S/15 SILVER GLASS BAUBLES IN BAG,12,2010-12-01 15:37:00,1.25,United Kingdom
2268,536571,22444,GROW YOUR OWN PLANT IN A CAN ,24,2010-12-01 15:37:00,1.25,United Kingdom
2269,536571,35598D,PINK/WHITE CHRISTMAS TREE 60CM,24,2010-12-01 15:37:00,0.65,United Kingdom
2270,536571,85045,GREEN CHRISTMAS TREE STRING 20LIGHT,4,2010-12-01 15:37:00,4.95,United Kingdom
2271,536571,21352,EUCALYPTUS & PINECONE  WREATH,2,2010-12-01 15:37:00,6.75,United Kingdom
2272,536571,22065,CHRISTMAS PUDDING TRINKET POT ,12,2010-12-01 15:37:00,1.45,United Kingdom
2273,536571,35598B,BLACK CHRISTMAS TREE 60CM,24,2010-12-01 15:37:00,0.65,United Kingdom
2274,536571,85099C,JUMBO  BAG BAROQUE BLACK WHITE,10,2010-12-01 15:37:00,1.95,United Kingdom
2275,536571,22952,60 CAKE CASES VINTAGE CHRISTMAS,24,2010-12-01 15:37:00,0.55000000000000004,United Kingdom
2276,536571,85048,15CM CHRISTMAS GLASS BALL 20 LIGHTS,2,2010-12-01 15:37:00,7.95,United Kingdom
2277,536572,22589,CARDHOLDER GINGHAM STAR,6,2010-12-01 15:40:00,2.5499999999999998,United Kingdom
2278,536572,22121,NOEL WOODEN BLOCK LETTERS ,3,2010-12-01 15:40:00,5.95,United Kingdom
2279,536572,22119,PEACE WOODEN BLOCK LETTERS,3,2010-12-01 15:40:00,6.95,United Kingdom
2280,536572,22573,STAR WOODEN CHRISTMAS DECORATION,24,2010-12-01 15:40:00,0.85,United Kingdom
2281,536572,22574,HEART WOODEN CHRISTMAS DECORATION,24,2010-12-01 15:40:00,0.85,United Kingdom
2282,536572,22577,WOODEN HEART CHRISTMAS SCANDINAVIAN,24,2010-12-01 15:40:00,0.85,United Kingdom
2283,536572,22578,WOODEN STAR CHRISTMAS SCANDINAVIAN,24,2010-12-01 15:40:00,0.85,United Kingdom
2284,536572,22579,WOODEN TREE CHRISTMAS SCANDINAVIAN,24,2010-12-01 15:40:00,0.85,United Kingdom
2285,536572,22593,CHRISTMAS GINGHAM STAR,24,2010-12-01 15:40:00,0.85,United Kingdom
2286,536572,22594,CHRISTMAS GINGHAM TREE,24,2010-12-01 15:40:00,0.85,United Kingdom
2287,536572,22595,CHRISTMAS GINGHAM HEART,24,2010-12-01 15:40:00,0.85,United Kingdom
2288,536572,21810,CHRISTMAS HANGING STAR WITH BELL,12,2010-12-01 15:40:00,1.25,United Kingdom
2289,536572,21811,CHRISTMAS HANGING HEART WITH BELL,12,2010-12-01 15:40:00,1.25,United Kingdom
2290,536572,21817,GLITTER CHRISTMAS TREE,12,2010-12-01 15:40:00,0.85,United Kingdom
2291,536572,22695,WICKER WREATH SMALL,12,2010-12-01 15:40:00,1.45,United Kingdom
2292,536572,22696,WICKER WREATH LARGE,6,2010-12-01 15:40:00,1.95,United Kingdom
2293,536572,21523,DOORMAT FANCY FONT HOME SWEET HOME,10,2010-12-01 15:40:00,6.75,United Kingdom
2294,536572,22469,HEART OF WICKER SMALL,12,2010-12-01 15:40:00,1.65,United Kingdom
2295,536572,22855,FINE WICKER HEART ,12,2010-12-01 15:40:00,1.25,United Kingdom
2296,536572,21754,HOME BUILDING BLOCK WORD,6,2010-12-01 15:40:00,5.95,United Kingdom
2297,536572,21756,BATH BUILDING BLOCK WORD,3,2010-12-01 15:40:00,5.95,United Kingdom
2298,536573,84755,COLOUR GLASS T-LIGHT HOLDER HANGING,16,2010-12-01 15:45:00,0.65,United Kingdom
2299,536573,84970L,SINGLE HEART ZINC T-LIGHT HOLDER,12,2010-12-01 15:45:00,0.95,United Kingdom
2300,536573,22178,VICTORIAN GLASS HANGING T-LIGHT,36,2010-12-01 15:45:00,1.25,United Kingdom
2301,536573,22791,T-LIGHT GLASS FLUTED ANTIQUE,72,2010-12-01 15:45:00,1.06,United Kingdom
2302,536574,21756,BATH BUILDING BLOCK WORD,3,2010-12-01 15:46:00,5.95,United Kingdom
2303,536575,21864,UNION JACK FLAG PASSPORT COVER ,72,2010-12-01 16:01:00,1.69,United Kingdom
2304,536575,21107,CREAM SLICE FLANNEL PINK SPOT ,72,2010-12-01 16:01:00,2.5499999999999998,United Kingdom
2305,536575,21232,STRAWBERRY CERAMIC TRINKET BOX,144,2010-12-01 16:01:00,1.25,United Kingdom
2306,536575,84050,PINK HEART SHAPE EGG FRYING PAN,72,2010-12-01 16:01:00,1.25,United Kingdom
2307,536575,85099B,JUMBO BAG RED RETROSPOT,70,2010-12-01 16:01:00,1.65,United Kingdom
2308,536575,85123A,WHITE HANGING HEART T-LIGHT HOLDER,128,2010-12-01 16:01:00,2.5499999999999998,United Kingdom
2309,536575,15056P,EDWARDIAN PARASOL PINK,48,2010-12-01 16:01:00,4.5999999999999996,United Kingdom
2310,536575,22095,LADS ONLY TISSUE BOX,252,2010-12-01 16:01:00,1.25,United Kingdom
2311,536576,22041,"RECORD FRAME 7"" SINGLE SIZE ",144,2010-12-01 16:11:00,2.1,United Kingdom
2312,536576,85174,S/4 CACTI CANDLES,16,2010-12-01 16:11:00,4.25,United Kingdom
2313,536576,84050,PINK HEART SHAPE EGG FRYING PAN,96,2010-12-01 16:11:00,1.25,United Kingdom
2314,536576,84029E,RED WOOLLY HOTTIE WHITE HEART.,96,2010-12-01 16:11:00,2.95,United Kingdom
2315,536576,82615,PINK MARSHMALLOW SCARF KNITTING KIT,36,2010-12-01 16:11:00,2.5499999999999998,United Kingdom
2316,536576,21156,RETROSPOT CHILDRENS APRON,12,2010-12-01 16:11:00,1.65,United Kingdom
2317,536576,20727,LUNCH BAG  BLACK SKULL.,60,2010-12-01 16:11:00,1.45,United Kingdom
2318,536576,35004C,SET OF 3 COLOURED  FLYING DUCKS,120,2010-12-01 16:11:00,4.6500000000000004,United Kingdom
2319,536576,85099B,JUMBO BAG RED RETROSPOT,30,2010-12-01 16:11:00,1.65,United Kingdom
2320,536576,85123A,WHITE HANGING HEART T-LIGHT HOLDER,128,2010-12-01 16:11:00,2.5499999999999998,United Kingdom
2321,536576,22095,LADS ONLY TISSUE BOX,72,2010-12-01 16:11:00,1.25,United Kingdom
2322,536576,85038,6 CHOCOLATE LOVE HEART T-LIGHTS,72,2010-12-01 16:11:00,1.69,United Kingdom
2323,536576,15056N,EDWARDIAN PARASOL NATURAL,36,2010-12-01 16:11:00,4.25,United Kingdom
2324,536576,20971,PINK BLUE FELT CRAFT TRINKET BOX,144,2010-12-01 16:11:00,1.06,United Kingdom
2325,536576,21354,TOAST ITS - BEST MUM,12,2010-12-01 16:11:00,1.05,United Kingdom
2326,536576,21107,CREAM SLICE FLANNEL PINK SPOT ,48,2010-12-01 16:11:00,2.5499999999999998,United Kingdom
2327,536577,20725,LUNCH BAG RED RETROSPOT,60,2010-12-01 16:13:00,1.45,United Kingdom
2328,536577,21232,STRAWBERRY CERAMIC TRINKET BOX,144,2010-12-01 16:13:00,1.25,United Kingdom
2329,536577,22646,CERAMIC STRAWBERRY CAKE MONEY BANK,144,2010-12-01 16:13:00,1.25,United Kingdom
2330,536577,22147,FELTCRAFT BUTTERFLY HEARTS,40,2010-12-01 16:13:00,1.25,United Kingdom
2331,536578,22837,HOT WATER BOTTLE BABUSHKA ,12,2010-12-01 16:15:00,4.6500000000000004,United Kingdom
2332,536578,21484,CHICK GREY HOT WATER BOTTLE,8,2010-12-01 16:15:00,3.45,United Kingdom
2333,536578,22865,HAND WARMER OWL DESIGN,24,2010-12-01 16:15:00,2.1,United Kingdom
2334,536578,22866,HAND WARMER SCOTTY DOG DESIGN,24,2010-12-01 16:15:00,2.1,United Kingdom
2335,536578,22834,HAND WARMER BABUSHKA DESIGN,24,2010-12-01 16:15:00,2.1,United Kingdom
2336,536578,22726,ALARM CLOCK BAKELIKE GREEN,4,2010-12-01 16:15:00,3.75,United Kingdom
2337,536578,22728,ALARM CLOCK BAKELIKE PINK,4,2010-12-01 16:15:00,3.75,United Kingdom
2338,536578,22729,ALARM CLOCK BAKELIKE ORANGE,4,2010-12-01 16:15:00,3.75,United Kingdom
2339,536579,21232,STRAWBERRY CERAMIC TRINKET BOX,216,2010-12-01 16:16:00,1.06,United Kingdom
2340,536579,20727,LUNCH BAG  BLACK SKULL.,60,2010-12-01 16:16:00,1.45,United Kingdom
2341,536580,22966,GINGERBREAD MAN COOKIE CUTTER,12,2010-12-01 16:17:00,1.25,United Kingdom
2342,536580,22965,3 TRADITIONAL COOKIE CUTTERS  SET,6,2010-12-01 16:17:00,2.1,United Kingdom
2343,536580,22975,SPACEBOY CHILDRENS EGG CUP,12,2010-12-01 16:17:00,1.25,United Kingdom
2344,536580,22988,SOLDIERS EGG CUP ,12,2010-12-01 16:17:00,1.25,United Kingdom
2345,536580,22972,CHILDRENS SPACEBOY MUG,12,2010-12-01 16:17:00,1.65,United Kingdom
2346,536580,22974,CHILDRENS DOLLY GIRL MUG,12,2010-12-01 16:17:00,1.65,United Kingdom
2347,536581,85099B,JUMBO BAG RED RETROSPOT,200,2010-12-01 16:19:00,1.65,United Kingdom
2348,536582,21668,RED STRIPE CERAMIC DRAWER KNOB,12,2010-12-01 16:21:00,1.25,United Kingdom
2349,536582,21672,WHITE SPOT RED CERAMIC DRAWER KNOB,12,2010-12-01 16:21:00,1.25,United Kingdom
2350,536582,22771,CLEAR DRAWER KNOB ACRYLIC EDWARDIAN,24,2010-12-01 16:21:00,1.25,United Kingdom
2351,536582,22530,MAGIC DRAWING SLATE DOLLY GIRL ,24,2010-12-01 16:21:00,0.42,United Kingdom
2352,536582,22534,MAGIC DRAWING SLATE SPACEBOY ,24,2010-12-01 16:21:00,0.42,United Kingdom
2353,536582,21374,MIRRORED WALL ART SKULLS,4,2010-12-01 16:21:00,3.75,United Kingdom
2354,536582,21365,MIRRORED WALL ART STARS,6,2010-12-01 16:21:00,2.95,United Kingdom
2355,536582,21479,WHITE SKULL HOT WATER BOTTLE ,8,2010-12-01 16:21:00,3.75,United Kingdom
2356,536582,21481,FAWN BLUE HOT WATER BOTTLE,6,2010-12-01 16:21:00,2.95,United Kingdom
2357,536582,84032A,CHARLIE+LOLA PINK HOT WATER BOTTLE,6,2010-12-01 16:21:00,2.95,United Kingdom
2358,536582,84031A,CHARLIE+LOLA RED HOT WATER BOTTLE ,6,2010-12-01 16:21:00,4.6500000000000004,United Kingdom
2359,536582,21509,COWBOYS AND INDIANS BIRTHDAY CARD ,12,2010-12-01 16:21:00,0.42,United Kingdom
2360,536582,22025,RING OF ROSES BIRTHDAY CARD,12,2010-12-01 16:21:00,0.42,United Kingdom
2361,536582,22650,CERAMIC PIRATE CHEST MONEY BANK,12,2010-12-01 16:21:00,1.45,United Kingdom
2362,536582,22637,PIGGY BANK RETROSPOT ,12,2010-12-01 16:21:00,2.5499999999999998,United Kingdom
2363,536582,22634,CHILDS BREAKFAST SET SPACEBOY ,2,2010-12-01 16:21:00,9.9499999999999993,United Kingdom
2364,536582,22635,CHILDS BREAKFAST SET DOLLY GIRL ,2,2010-12-01 16:21:00,9.9499999999999993,United Kingdom
2365,536583,21156,RETROSPOT CHILDRENS APRON,120,2010-12-01 16:21:00,1.65,United Kingdom
2366,536584,84029E,RED WOOLLY HOTTIE WHITE HEART.,384,2010-12-01 16:22:00,2.95,United Kingdom
2367,536585,37449,CERAMIC CAKE STAND + HANGING CAKES,2,2010-12-01 16:24:00,9.9499999999999993,United Kingdom
2368,536586,22846,BREAD BIN DINER STYLE RED ,8,2010-12-01 16:25:00,14.95,United Kingdom
2369,536586,22848,BREAD BIN DINER STYLE PINK,8,2010-12-01 16:25:00,14.95,United Kingdom
2370,536586,22726,ALARM CLOCK BAKELIKE GREEN,8,2010-12-01 16:25:00,3.75,United Kingdom
2371,536586,22728,ALARM CLOCK BAKELIKE PINK,8,2010-12-01 16:25:00,3.75,United Kingdom
2372,536586,22725,ALARM CLOCK BAKELIKE CHOCOLATE,4,2010-12-01 16:25:00,3.75,United Kingdom
2373,536586,22729,ALARM CLOCK BAKELIKE ORANGE,4,2010-12-01 16:25:00,3.75,United Kingdom
2374,536586,22730,ALARM CLOCK BAKELIKE IVORY,4,2010-12-01 16:25:00,3.75,United Kingdom
2375,536587,37448,CERAMIC CAKE DESIGN SPOTTED MUG,12,2010-12-01 16:33:00,1.49,United Kingdom
2376,536587,22744,MAKE YOUR OWN MONSOON CARD KIT,6,2010-12-01 16:33:00,2.95,United Kingdom
2377,536587,22743,MAKE YOUR OWN FLOWERPOWER CARD KIT,6,2010-12-01 16:33:00,2.95,United Kingdom
2378,536587,22646,CERAMIC STRAWBERRY CAKE MONEY BANK,12,2010-12-01 16:33:00,1.45,United Kingdom
2379,536587,21232,STRAWBERRY CERAMIC TRINKET BOX,12,2010-12-01 16:33:00,1.25,United Kingdom
2380,536587,22466,FAIRY TALE COTTAGE NIGHTLIGHT,12,2010-12-01 16:33:00,1.95,United Kingdom
2381,536587,22540,MINI JIGSAW CIRCUS PARADE ,24,2010-12-01 16:33:00,0.42,United Kingdom
2382,536587,22531,MAGIC DRAWING SLATE CIRCUS PARADE  ,24,2010-12-01 16:33:00,0.42,United Kingdom
2383,536587,16237,SLEEPING CAT ERASERS,30,2010-12-01 16:33:00,0.21,United Kingdom
2384,536587,22752,SET 7 BABUSHKA NESTING BOXES,2,2010-12-01 16:33:00,8.5,United Kingdom
2385,536587,22114,HOT WATER BOTTLE TEA AND SYMPATHY,4,2010-12-01 16:33:00,3.95,United Kingdom
2386,536587,21108,FAIRY CAKE FLANNEL ASSORTED COLOUR,9,2010-12-01 16:33:00,2.5499999999999998,United Kingdom
2387,536587,22355,CHARLOTTE BAG SUKI DESIGN,10,2010-12-01 16:33:00,0.85,United Kingdom
2388,536587,22449,SILK PURSE BABUSHKA PINK,6,2010-12-01 16:33:00,3.35,United Kingdom
2389,536587,22867,HAND WARMER BIRD DESIGN,12,2010-12-01 16:33:00,2.1,United Kingdom
2390,536587,21986,PACK OF 12 PINK POLKADOT TISSUES,24,2010-12-01 16:33:00,0.28999999999999998,United Kingdom
2391,536587,21982,PACK OF 12 SUKI TISSUES ,24,2010-12-01 16:33:00,0.28999999999999998,United Kingdom
2392,536587,22421,LIPSTICK PEN FUSCHIA,12,2010-12-01 16:33:00,0.42,United Kingdom
2393,536587,17003,BROCADE RING PURSE ,36,2010-12-01 16:33:00,0.21,United Kingdom
2394,536587,21098,CHRISTMAS TOILET ROLL,12,2010-12-01 16:33:00,1.25,United Kingdom
2395,536587,22548,HEADS AND TAILS SPORTING FUN,12,2010-12-01 16:33:00,1.25,United Kingdom
2396,536587,21790,VINTAGE SNAP CARDS,12,2010-12-01 16:33:00,0.85,United Kingdom
2397,536588,22960,JAM MAKING SET WITH JARS,6,2010-12-01 16:49:00,4.25,United Kingdom
2398,536588,22961,JAM MAKING SET PRINTED,12,2010-12-01 16:49:00,1.45,United Kingdom
2399,536588,22962,JAM JAR WITH PINK LID,12,2010-12-01 16:49:00,0.85,United Kingdom
2400,536588,22963,JAM JAR WITH GREEN LID,12,2010-12-01 16:49:00,0.85,United Kingdom
2401,536588,21777,RECIPE BOX WITH METAL HEART,1,2010-12-01 16:49:00,7.95,United Kingdom
2402,536588,22666,RECIPE BOX PANTRY YELLOW DESIGN,12,2010-12-01 16:49:00,2.95,United Kingdom
2403,536588,22667,RECIPE BOX RETROSPOT ,12,2010-12-01 16:49:00,2.95,United Kingdom
2404,536588,84997A,GREEN 3 PIECE POLKADOT CUTLERY SET,6,2010-12-01 16:49:00,3.75,United Kingdom
2405,536588,84997B,RED 3 PIECE RETROSPOT CUTLERY SET,6,2010-12-01 16:49:00,3.75,United Kingdom
2406,536588,84997C,BLUE 3 PIECE POLKADOT CUTLERY SET,12,2010-12-01 16:49:00,3.75,United Kingdom
2407,536588,84997D,PINK 3 PIECE POLKADOT CUTLERY SET,12,2010-12-01 16:49:00,3.75,United Kingdom
2408,536589,21777,,-10,2010-12-01 16:50:00,0,United Kingdom
2409,536590,22969,HOMEMADE JAM SCENTED CANDLES,12,2010-12-01 16:52:00,1.45,United Kingdom
2410,536590,85123A,WHITE HANGING HEART T-LIGHT HOLDER,6,2010-12-01 16:52:00,2.95,United Kingdom
2411,536590,22112,CHOCOLATE HOT WATER BOTTLE,3,2010-12-01 16:52:00,4.95,United Kingdom
2412,536590,22114,HOT WATER BOTTLE TEA AND SYMPATHY,4,2010-12-01 16:52:00,3.95,United Kingdom
2413,536590,21340,CLASSIC METAL BIRDCAGE PLANT HOLDER,1,2010-12-01 16:52:00,12.75,United Kingdom
2414,536590,22457,NATURAL SLATE HEART CHALKBOARD ,6,2010-12-01 16:52:00,2.95,United Kingdom
2415,536590,21136,PAINTED METAL PEARS ASSORTED,8,2010-12-01 16:52:00,1.69,United Kingdom
2416,536590,22776,SWEETHEART CAKESTAND 3 TIER,1,2010-12-01 16:52:00,9.9499999999999993,United Kingdom
2417,536590,21166,COOK WITH WINE METAL SIGN ,12,2010-12-01 16:52:00,1.95,United Kingdom
2418,536590,22794,SWEETHEART WIRE MAGAZINE RACK,2,2010-12-01 16:52:00,7.95,United Kingdom
2419,536590,71477,COLOUR GLASS. STAR T-LIGHT HOLDER,4,2010-12-01 16:52:00,3.25,United Kingdom
2420,536590,22030,SWALLOWS GREETING CARD,12,2010-12-01 16:52:00,0.42,United Kingdom
2421,536590,22622,BOX OF VINTAGE ALPHABET BLOCKS,2,2010-12-01 16:52:00,9.9499999999999993,United Kingdom
2422,536590,21055,TOOL BOX SOFT TOY ,1,2010-12-01 16:52:00,8.9499999999999993,United Kingdom
2423,536591,21427,SKULLS STORAGE BOX SMALL,1,2010-12-01 16:57:00,2.1,United Kingdom
2424,536591,22135,LADLE LOVE HEART PINK,1,2010-12-01 16:57:00,0.42,United Kingdom
2425,536591,90214M,"LETTER ""M"" BLING KEY RING",1,2010-12-01 16:57:00,1.25,United Kingdom
2426,536591,90214V,"LETTER ""V"" BLING KEY RING",1,2010-12-01 16:57:00,1.25,United Kingdom
2427,536591,90214S,"LETTER ""S"" BLING KEY RING",1,2010-12-01 16:57:00,1.25,United Kingdom
2428,536591,90214J,"LETTER ""J"" BLING KEY RING",2,2010-12-01 16:57:00,1.25,United Kingdom
2429,536591,22386,JUMBO BAG PINK POLKADOT,1,2010-12-01 16:57:00,1.95,United Kingdom
2430,536591,22378,WALL TIDY RETROSPOT ,1,2010-12-01 16:57:00,2.1,United Kingdom
2431,536591,20750,RED RETROSPOT MINI CASES,1,2010-12-01 16:57:00,7.95,United Kingdom
2432,536591,21888,BINGO SET,1,2010-12-01 16:57:00,3.75,United Kingdom
2433,536591,22321,BIRD DECORATION RED RETROSPOT,1,2010-12-01 16:57:00,0.85,United Kingdom
2434,536591,21789,KIDS RAIN MAC PINK,1,2010-12-01 16:57:00,0.85,United Kingdom
2435,536591,21238,RED RETROSPOT CUP,1,2010-12-01 16:57:00,0.85,United Kingdom
2436,536591,21629,SQUARE FLOOR CUSHION VINTAGE RED,1,2010-12-01 16:57:00,7.95,United Kingdom
2437,536591,22379,RECYCLING BAG RETROSPOT ,1,2010-12-01 16:57:00,2.1,United Kingdom
2438,536591,72807C,SET/3 VANILLA SCENTED CANDLE IN BOX,2,2010-12-01 16:57:00,4.25,United Kingdom
2439,536591,22497,SET OF 2 TINS VINTAGE BATHROOM ,1,2010-12-01 16:57:00,4.25,United Kingdom
2440,536591,21850,BLUE  DIAMANTE PEN IN GIFT BOX,1,2010-12-01 16:57:00,4.95,United Kingdom
2441,536591,20978,36 PENCILS TUBE SKULLS,2,2010-12-01 16:57:00,1.25,United Kingdom
2442,536591,20768,GREEN FERN JOURNAL ,1,2010-12-01 16:57:00,2.5499999999999998,United Kingdom
2443,536591,22081,RIBBON REEL FLORA + FAUNA ,1,2010-12-01 16:57:00,1.65,United Kingdom
2444,536591,20780,BLACK EAR MUFF HEADPHONES,1,2010-12-01 16:57:00,5.49,United Kingdom
2445,536591,51014C,"FEATHER PEN,COAL BLACK",12,2010-12-01 16:57:00,0.85,United Kingdom
2446,536591,21398,RED POLKADOT COFFEE  MUG,1,2010-12-01 16:57:00,2.1,United Kingdom
2447,536591,22476,EMPIRE UNION JACK TV DINNER TRAY,2,2010-12-01 16:57:00,4.95,United Kingdom
2448,536591,21643,ASSORTED TUTTI FRUTTI MIRROR,3,2010-12-01 16:57:00,1.25,United Kingdom
2449,536591,72741,GRAND CHOCOLATECANDLE,27,2010-12-01 16:57:00,1.45,United Kingdom
2450,536591,21620,SET OF 4 ROSE BOTANICAL CANDLES,1,2010-12-01 16:57:00,3.75,United Kingdom
2451,536591,37449,CERAMIC CAKE STAND + HANGING CAKES,1,2010-12-01 16:57:00,9.9499999999999993,United Kingdom
2452,536591,22260,FELT EGG COSY BLUE RABBIT ,5,2010-12-01 16:57:00,0.85,United Kingdom
2453,536591,22136,LOVE HEART SOCK HANGER,1,2010-12-01 16:57:00,1.65,United Kingdom
2454,536591,47591B,SCOTTIES CHILDRENS APRON,1,2010-12-01 16:57:00,1.65,United Kingdom
2455,536591,21041,RED RETROSPOT OVEN GLOVE DOUBLE,1,2010-12-01 16:57:00,2.95,United Kingdom
2456,536591,21035,SET/2 RED RETROSPOT TEA TOWELS ,1,2010-12-01 16:57:00,2.95,United Kingdom
2457,536591,85064,CREAM SWEETHEART LETTER RACK,2,2010-12-01 16:58:00,5.45,United Kingdom
2458,536591,22121,NOEL WOODEN BLOCK LETTERS ,2,2010-12-01 16:58:00,5.95,United Kingdom
2459,536591,21488,RED WHITE SCARF  HOT WATER BOTTLE,1,2010-12-01 16:58:00,3.95,United Kingdom
2460,536591,21484,CHICK GREY HOT WATER BOTTLE,2,2010-12-01 16:58:00,3.45,United Kingdom
2461,536591,22357,KINGS CHOICE BISCUIT TIN,1,2010-12-01 16:58:00,4.25,United Kingdom
2462,536591,21985,PACK OF 12 HEARTS DESIGN TISSUES ,4,2010-12-01 16:58:00,0.28999999999999998,United Kingdom
2463,536592,10135,COLOURING PENCILS BROWN TUBE,1,2010-12-01 17:06:00,2.5099999999999998,United Kingdom
2464,536592,16168M,FUNKY MONKEY GIFT BAG MEDIUM,2,2010-12-01 17:06:00,0.85,United Kingdom
2465,536592,16236,KITTY PENCIL ERASERS,1,2010-12-01 17:06:00,0.43,United Kingdom
2466,536592,16237,SLEEPING CAT ERASERS,6,2010-12-01 17:06:00,0.43,United Kingdom
2467,536592,16238,PARTY TIME PENCIL ERASERS,5,2010-12-01 17:06:00,0.43,United Kingdom
2468,536592,17012A,ORIGAMI VANILLA INCENSE/CANDLE SET ,1,2010-12-01 17:06:00,2.5099999999999998,United Kingdom
2469,536592,17012B,ORIGAMI JASMINE INCENSE/CANDLE SET,1,2010-12-01 17:06:00,2.5099999999999998,United Kingdom
2470,536592,17012C,ORIGAMI LAVENDER INCENSE/CANDL SET ,1,2010-12-01 17:06:00,2.5099999999999998,United Kingdom
2471,536592,17012D,ORIGAMI ROSE INCENSE/CANDLE SET ,1,2010-12-01 17:06:00,2.5099999999999998,United Kingdom
2472,536592,17012E,ORIGAMI OPIUM INCENSE/CANDLE SET ,1,2010-12-01 17:06:00,2.5099999999999998,United Kingdom
2473,536592,17012F,ORIGAMI SANDLEWOOD INCENSE/CAND SET,1,2010-12-01 17:06:00,2.5099999999999998,United Kingdom
2474,536592,17014A,ORIGAMI VANILLA INCENSE CONES,1,2010-12-01 17:06:00,3.36,United Kingdom
2475,536592,17084N,FAIRY DREAMS INCENSE ,2,2010-12-01 17:06:00,0.43,United Kingdom
2476,536592,17084P,DRAGONS BLOOD INCENSE,1,2010-12-01 17:06:00,0.43,United Kingdom
2477,536592,20616,CHERRY BLOSSOM PASSPORT COVER,1,2010-12-01 17:06:00,4.21,United Kingdom
2478,536592,20617,FIRST CLASS PASSPORT COVER ,1,2010-12-01 17:06:00,4.21,United Kingdom
2479,536592,20619,TROPICAL PASSPORT COVER ,1,2010-12-01 17:06:00,4.21,United Kingdom
2480,536592,20653,CHERRY BLOSSOM LUGGAGE TAG,1,2010-12-01 17:06:00,2.5099999999999998,United Kingdom
2481,536592,20668,DISCO BALL CHRISTMAS DECORATION,6,2010-12-01 17:06:00,0.43,United Kingdom
2482,536592,20681,PINK POLKADOT CHILDRENS UMBRELLA,1,2010-12-01 17:06:00,6.77,United Kingdom
2483,536592,20682,RED RETROSPOT CHILDRENS UMBRELLA,2,2010-12-01 17:06:00,6.77,United Kingdom
2484,536592,20696,FLORAL SOFT CAR TOY,1,2010-12-01 17:06:00,7.62,United Kingdom
2485,536592,20699,MOUSEY LONG LEGS SOFT TOY,2,2010-12-01 17:06:00,5.0599999999999996,United Kingdom
2486,536592,20700,GREEN CAT FLORAL CUSHION COVER ,1,2010-12-01 17:06:00,10.17,United Kingdom
2487,536592,20717,STRAWBERRY SHOPPER BAG,1,2010-12-01 17:06:00,2.5099999999999998,United Kingdom
2488,536592,20718,RED RETROSPOT SHOPPER BAG,1,2010-12-01 17:06:00,2.5099999999999998,United Kingdom
2489,536592,20723,STRAWBERRY CHARLOTTE BAG,1,2010-12-01 17:06:00,1.66,United Kingdom
2490,536592,20724,RED RETROSPOT CHARLOTTE BAG,1,2010-12-01 17:06:00,1.66,United Kingdom
2491,536592,20725,LUNCH BAG RED RETROSPOT,2,2010-12-01 17:06:00,4.21,United Kingdom
2492,536592,20727,LUNCH BAG  BLACK SKULL.,2,2010-12-01 17:06:00,4.21,United Kingdom
2493,536592,20733,GOLD MINI TAPE MEASURE ,6,2010-12-01 17:06:00,0.85,United Kingdom
2494,536592,20735,BLACK MINI TAPE MEASURE ,4,2010-12-01 17:06:00,0.85,United Kingdom
2495,536592,20752,BLUE POLKADOT WASHING UP GLOVES,1,2010-12-01 17:06:00,4.21,United Kingdom
2496,536592,20754,RETROSPOT RED WASHING UP GLOVES,1,2010-12-01 17:06:00,4.21,United Kingdom
2497,536592,20761,BLUE PAISLEY SKETCHBOOK,1,2010-12-01 17:06:00,7.62,United Kingdom
2498,536592,20780,BLACK EAR MUFF HEADPHONES,1,2010-12-01 17:06:00,11.02,United Kingdom
2499,536592,20846,ZINC HEART LATTICE T-LIGHT HOLDER,1,2010-12-01 17:06:00,2.5099999999999998,United Kingdom
2500,536592,20914,SET/5 RED RETROSPOT LID GLASS BOWLS,1,2010-12-01 17:06:00,5.91,United Kingdom
2501,536592,20931,BLUE POT PLANT CANDLE ,2,2010-12-01 17:06:00,7.62,United Kingdom
2502,536592,20956,PORCELAIN T-LIGHT HOLDERS ASSORTED,2,2010-12-01 17:06:00,2.5099999999999998,United Kingdom
2503,536592,20961,STRAWBERRY BATH SPONGE ,1,2010-12-01 17:06:00,2.5099999999999998,United Kingdom
2504,536592,20966,SANDWICH BATH SPONGE,1,2010-12-01 17:06:00,2.5099999999999998,United Kingdom
2505,536592,20972,PINK CREAM FELT CRAFT TRINKET BOX ,1,2010-12-01 17:06:00,2.5099999999999998,United Kingdom
2506,536592,20973,12 PENCIL SMALL TUBE WOODLAND,15,2010-12-01 17:06:00,1.28,United Kingdom
2507,536592,20974,12 PENCILS SMALL TUBE SKULL,12,2010-12-01 17:06:00,1.28,United Kingdom
2508,536592,20975,12 PENCILS SMALL TUBE RED RETROSPOT,18,2010-12-01 17:06:00,1.28,United Kingdom
2509,536592,21002,ROSE DU SUD DRAWSTRING BAG,2,2010-12-01 17:06:00,3.36,United Kingdom
2510,536592,21012,ANTIQUE ALL GLASS CANDLESTICK,6,2010-12-01 17:06:00,2.5099999999999998,United Kingdom
2511,536592,21015,DARK BIRD HOUSE TREE DECORATION,1,2010-12-01 17:06:00,1.28,United Kingdom
2512,536592,21035,SET/2 RED RETROSPOT TEA TOWELS ,2,2010-12-01 17:06:00,5.91,United Kingdom
2513,536592,21055,TOOL BOX SOFT TOY ,2,2010-12-01 17:06:00,16.98,United Kingdom
2514,536592,21067,VINTAGE RED TEATIME MUG,1,2010-12-01 17:06:00,2.5099999999999998,United Kingdom
2515,536592,21069,VINTAGE BILLBOARD TEA MUG,1,2010-12-01 17:06:00,2.5099999999999998,United Kingdom
2516,536592,21071,VINTAGE BILLBOARD DRINK ME MUG,1,2010-12-01 17:06:00,2.5099999999999998,United Kingdom
2517,536592,21098,CHRISTMAS TOILET ROLL,22,2010-12-01 17:06:00,2.5099999999999998,United Kingdom
2518,536592,21108,FAIRY CAKE FLANNEL ASSORTED COLOUR,19,2010-12-01 17:06:00,5.0599999999999996,United Kingdom
2519,536592,21109,"LARGE CAKE TOWEL, CHOCOLATE SPOTS",1,2010-12-01 17:06:00,13.57,United Kingdom
2520,536592,21110,LARGE CAKE TOWEL PINK SPOTS,2,2010-12-01 17:06:00,13.57,United Kingdom
2521,536592,21111,"SWISS ROLL TOWEL, CHOCOLATE  SPOTS",2,2010-12-01 17:06:00,5.91,United Kingdom
2522,536592,21128,GOLD FISHING GNOME,1,2010-12-01 17:06:00,12.72,United Kingdom
2523,536592,21154,RED RETROSPOT OVEN GLOVE ,2,2010-12-01 17:06:00,2.5099999999999998,United Kingdom
2524,536592,21164,HOME SWEET HOME METAL SIGN ,1,2010-12-01 17:06:00,5.91,United Kingdom
2525,536592,21165,BEWARE OF THE CAT METAL SIGN ,3,2010-12-01 17:06:00,4.21,United Kingdom
2526,536592,21174,POTTERING IN THE SHED METAL SIGN,4,2010-12-01 17:06:00,4.21,United Kingdom
2527,536592,21181,PLEASE ONE PERSON METAL SIGN,2,2010-12-01 17:06:00,4.21,United Kingdom
2528,536592,21188,3D HEARTS  HONEYCOMB PAPER GARLAND,2,2010-12-01 17:06:00,5.91,United Kingdom
2529,536592,21191,LARGE WHITE HONEYCOMB PAPER BELL  ,5,2010-12-01 17:06:00,4.21,United Kingdom
2530,536592,21192,WHITE BELL HONEYCOMB PAPER ,2,2010-12-01 17:06:00,3.36,United Kingdom
2531,536592,21208,PASTEL COLOUR HONEYCOMB FAN,1,2010-12-01 17:06:00,3.36,United Kingdom
2532,536592,21212,PACK OF 72 RETROSPOT CAKE CASES,12,2010-12-01 17:06:00,1.28,United Kingdom
2533,536592,21213,PACK OF 72 SKULL CAKE CASES,1,2010-12-01 17:06:00,1.28,United Kingdom
2534,536592,21220,SET/4 BADGES DOGS,1,2010-12-01 17:06:00,2.5099999999999998,United Kingdom
2535,536592,21231,SWEETHEART CERAMIC TRINKET BOX,8,2010-12-01 17:06:00,2.5099999999999998,United Kingdom
2536,536592,21232,STRAWBERRY CERAMIC TRINKET BOX,5,2010-12-01 17:06:00,2.5099999999999998,United Kingdom
2537,536592,21249,WOODLAND  HEIGHT CHART STICKERS ,1,2010-12-01 17:06:00,5.91,United Kingdom
2538,536592,21257,VICTORIAN SEWING BOX MEDIUM,2,2010-12-01 17:06:00,16.13,United Kingdom
2539,536592,21258,VICTORIAN SEWING BOX LARGE,3,2010-12-01 17:06:00,25.49,United Kingdom
2540,536592,21262,WHITE GOOSE FEATHER CHRISTMAS TREE ,1,2010-12-01 17:06:00,7.62,United Kingdom
2541,536592,21272,SALLE DE BAIN HOOK,1,2010-12-01 17:06:00,2.5099999999999998,United Kingdom
2542,536592,21279,VINTAGE KITCHEN PRINT FRUITS,1,2010-12-01 17:06:00,5.0599999999999996,United Kingdom
2543,536592,21281,VINTAGE KITCHEN PRINT SEAFOOD,1,2010-12-01 17:06:00,5.0599999999999996,United Kingdom
2544,536592,21288,STRIPEY CHOCOLATE NESTING BOXES,1,2010-12-01 17:06:00,5.91,United Kingdom
2545,536592,21313,GLASS HEART T-LIGHT HOLDER ,8,2010-12-01 17:06:00,1.66,United Kingdom
2546,536592,21314,SMALL GLASS HEART TRINKET POT,8,2010-12-01 17:06:00,4.21,United Kingdom
2547,536592,21340,CLASSIC METAL BIRDCAGE PLANT HOLDER,1,2010-12-01 17:06:00,25.49,United Kingdom
2548,536592,21349,IVY HEART WREATH,3,2010-12-01 17:06:00,13.57,United Kingdom
2549,536592,21352,EUCALYPTUS & PINECONE  WREATH,7,2010-12-01 17:06:00,5.91,United Kingdom
2550,536592,21356,TOAST ITS - FAIRY FLOWER,1,2010-12-01 17:06:00,2.5099999999999998,United Kingdom
2551,536592,21429,RED GINGHAM ROSE JEWELLERY BOX,3,2010-12-01 17:06:00,3.36,United Kingdom
2552,536592,21439,BASKET OF TOADSTOOLS,1,2010-12-01 17:06:00,2.5099999999999998,United Kingdom
2553,536592,21447,12 IVORY ROSE PEG PLACE SETTINGS,1,2010-12-01 17:06:00,2.5099999999999998,United Kingdom
2554,536592,21479,WHITE SKULL HOT WATER BOTTLE ,8,2010-12-01 17:06:00,7.62,United Kingdom
2555,536592,21481,FAWN BLUE HOT WATER BOTTLE,3,2010-12-01 17:06:00,5.91,United Kingdom
2556,536592,21484,CHICK GREY HOT WATER BOTTLE,2,2010-12-01 17:06:00,7.62,United Kingdom
2557,536592,21486,PINK HEART DOTS HOT WATER BOTTLE,7,2010-12-01 17:06:00,4.21,United Kingdom
2558,536592,21488,RED WHITE SCARF  HOT WATER BOTTLE,1,2010-12-01 17:06:00,8.4700000000000006,United Kingdom
2559,536592,21494,ROTATING LEAVES T-LIGHT HOLDER,2,2010-12-01 17:06:00,5.0599999999999996,United Kingdom
2560,536592,21519,GIN & TONIC DIET GREETING CARD ,1,2010-12-01 17:06:00,0.85,United Kingdom
2561,536592,21520,BOOZE & WOMEN GREETING CARD ,1,2010-12-01 17:06:00,0.85,United Kingdom
2562,536592,21524,DOORMAT SPOTTY HOME SWEET HOME,1,2010-12-01 17:06:00,14.43,United Kingdom
2563,536592,21537,RED RETROSPOT PUDDING BOWL,2,2010-12-01 17:06:00,8.4700000000000006,United Kingdom
2564,536592,21544,SKULLS  WATER TRANSFER TATTOOS ,1,2010-12-01 17:06:00,1.66,United Kingdom
2565,536592,21547,CERAMIC BIRDHOUSE CRESTED TIT SMALL,1,2010-12-01 17:06:00,5.91,United Kingdom
2566,536592,21557,SET OF 6 FUNKY BEAKERS,1,2010-12-01 17:06:00,5.91,United Kingdom
2567,536592,21559,STRAWBERRY LUNCH BOX WITH CUTLERY,1,2010-12-01 17:06:00,5.0599999999999996,United Kingdom
2568,536592,21576,LETS GO SHOPPING COTTON TOTE BAG,1,2010-12-01 17:06:00,5.0599999999999996,United Kingdom
2569,536592,21594,Dr. Jam's Arouzer Stress Ball,1,2010-12-01 17:06:00,4.21,United Kingdom
2570,536592,21638,ASSORTED TUTTI FRUTTI NOTEBOOK,1,2010-12-01 17:06:00,4.21,United Kingdom
2571,536592,21648,ASSORTED TUTTI FRUTTI SMALL PURSE,3,2010-12-01 17:06:00,2.5099999999999998,United Kingdom
2572,536592,21656,RIDGED GLASS POSY VASE ,1,2010-12-01 17:06:00,3.36,United Kingdom
2573,536592,21658,GLASS  BEURRE DISH,1,2010-12-01 17:06:00,8.4700000000000006,United Kingdom
2574,536592,21671,RED SPOT CERAMIC DRAWER KNOB,2,2010-12-01 17:06:00,2.5099999999999998,United Kingdom
2575,536592,21684,SMALL MEDINA STAMPED METAL BOWL ,1,2010-12-01 17:06:00,2.5099999999999998,United Kingdom
2576,536592,21698,MOCK LOBSTER FRIDGE MAGNET,1,2010-12-01 17:06:00,1.66,United Kingdom
2577,536592,21700,BIG DOUGHNUT FRIDGE MAGNETS,1,2010-12-01 17:06:00,8.4700000000000006,United Kingdom
2578,536592,21705,BAG 500g SWIRLY MARBLES,2,2010-12-01 17:06:00,3.36,United Kingdom
2579,536592,21718,RED METAL BEACH SPADE ,1,2010-12-01 17:06:00,2.5099999999999998,United Kingdom
2580,536592,21731,RED TOADSTOOL LED NIGHT LIGHT,1,2010-12-01 17:06:00,3.36,United Kingdom
2581,536592,21743,STAR PORTABLE TABLE LIGHT ,1,2010-12-01 17:06:00,5.91,United Kingdom
2582,536592,21745,GAOLERS KEYS DECORATIVE GARDEN ,1,2010-12-01 17:06:00,8.4700000000000006,United Kingdom
2583,536592,21754,HOME BUILDING BLOCK WORD,1,2010-12-01 17:06:00,11.87,United Kingdom
2584,536592,21755,LOVE BUILDING BLOCK WORD,1,2010-12-01 17:06:00,11.87,United Kingdom
2585,536592,21756,BATH BUILDING BLOCK WORD,1,2010-12-01 17:06:00,11.87,United Kingdom
2586,536592,21773,DECORATIVE ROSE BATHROOM BOTTLE,3,2010-12-01 17:06:00,2.5099999999999998,United Kingdom
2587,536592,21774,DECORATIVE CATS BATHROOM BOTTLE,5,2010-12-01 17:06:00,2.5099999999999998,United Kingdom
2588,536592,21775,DECORATIVE FLORE BATHROOM BOTTLE,3,2010-12-01 17:06:00,2.5099999999999998,United Kingdom
2589,536592,21777,RECIPE BOX WITH METAL HEART,2,2010-12-01 17:06:00,7.95,United Kingdom
2590,536592,21786,POLKADOT RAIN HAT ,7,2010-12-01 17:06:00,0.85,United Kingdom
2591,536592,21789,KIDS RAIN MAC PINK,2,2010-12-01 17:06:00,1.66,United Kingdom
2592,536592,21790,VINTAGE SNAP CARDS,5,2010-12-01 17:06:00,1.66,United Kingdom
2593,536592,21791,VINTAGE HEADS AND TAILS CARD GAME ,1,2010-12-01 17:06:00,2.5099999999999998,United Kingdom
2594,536592,21801,CHRISTMAS TREE DECORATION WITH BELL,10,2010-12-01 17:06:00,0.43,United Kingdom
2595,536592,21802,CHRISTMAS TREE HEART DECORATION,17,2010-12-01 17:06:00,0.43,United Kingdom
2596,536592,21803,CHRISTMAS TREE STAR DECORATION,12,2010-12-01 17:06:00,0.43,United Kingdom
2597,536592,21809,CHRISTMAS HANGING TREE WITH BELL,1,2010-12-01 17:06:00,2.5099999999999998,United Kingdom
2598,536592,21813,GARLAND WITH STARS AND BELLS,1,2010-12-01 17:06:00,10.17,United Kingdom
2599,536592,21820,GLITTER HEART GARLAND WITH BELLS ,1,2010-12-01 17:06:00,7.62,United Kingdom
2600,536592,21821,GLITTER STAR GARLAND WITH BELLS ,1,2010-12-01 17:06:00,7.62,United Kingdom
2601,536592,21830,ASSORTED CREEPY CRAWLIES,1,2010-12-01 17:06:00,0.85,United Kingdom
2602,536592,21832,CHOCOLATE CALCULATOR,3,2010-12-01 17:06:00,3.36,United Kingdom
2603,536592,21833,CAMOUFLAGE LED TORCH,2,2010-12-01 17:06:00,3.36,United Kingdom
2604,536592,21844,RED RETROSPOT MUG,1,2010-12-01 17:06:00,5.91,United Kingdom
2605,536592,21846,PINK DIAMANTE PEN IN GIFT BOX,4,2010-12-01 17:06:00,4.21,United Kingdom
2606,536592,21851,LILAC DIAMANTE PEN IN GIFT BOX,3,2010-12-01 17:06:00,4.21,United Kingdom
2607,536592,21868,POTTING SHED TEA MUG,2,2010-12-01 17:06:00,3.36,United Kingdom
2608,536592,21871,SAVE THE PLANET MUG,3,2010-12-01 17:06:00,3.36,United Kingdom
2609,536592,21875,KINGS CHOICE MUG,1,2010-12-01 17:06:00,3.36,United Kingdom
2610,536592,21879,HEARTS GIFT TAPE,1,2010-12-01 17:06:00,1.66,United Kingdom
2611,536592,21889,WOODEN BOX OF DOMINOES,2,2010-12-01 17:06:00,2.5099999999999998,United Kingdom
2612,536592,21891,TRADITIONAL WOODEN SKIPPING ROPE,4,2010-12-01 17:06:00,2.5099999999999998,United Kingdom
2613,536592,21892,TRADITIONAL WOODEN CATCH CUP GAME ,1,2010-12-01 17:06:00,2.5099999999999998,United Kingdom
2614,536592,21896,POTTING SHED TWINE,1,2010-12-01 17:06:00,4.21,United Kingdom
2615,536592,21899,"KEY FOB , GARAGE DESIGN",1,2010-12-01 17:06:00,1.66,United Kingdom
2616,536592,21906,PHARMACIE FIRST AID TIN,1,2010-12-01 17:06:00,13.57,United Kingdom
2617,536592,21908,CHOCOLATE THIS WAY METAL SIGN,1,2010-12-01 17:06:00,4.21,United Kingdom
2618,536592,21914,BLUE HARMONICA IN BOX ,2,2010-12-01 17:06:00,2.5099999999999998,United Kingdom
2619,536592,21915,RED  HARMONICA IN BOX ,3,2010-12-01 17:06:00,2.5099999999999998,United Kingdom
2620,536592,21929,JUMBO BAG PINK VINTAGE PAISLEY,1,2010-12-01 17:06:00,4.21,United Kingdom
2621,536592,21931,JUMBO STORAGE BAG SUKI,1,2010-12-01 17:06:00,4.21,United Kingdom
2622,536592,21934,SKULL SHOULDER BAG,1,2010-12-01 17:06:00,3.36,United Kingdom
2623,536592,21935,SUKI  SHOULDER BAG,2,2010-12-01 17:06:00,3.36,United Kingdom
2624,536592,21942,SKULLS DESIGN FLANNEL,2,2010-12-01 17:06:00,1.66,United Kingdom
2625,536592,21949,SET OF 6 STRAWBERRY CHOPSTICKS,2,2010-12-01 17:06:00,2.5099999999999998,United Kingdom
2626,536592,21974,SET OF 36 PAISLEY FLOWER DOILIES,5,2010-12-01 17:06:00,2.98,United Kingdom
2627,536592,21975,PACK OF 60 DINOSAUR CAKE CASES,11,2010-12-01 17:06:00,1.28,United Kingdom
2628,536592,21976,PACK OF 60 MUSHROOM CAKE CASES,1,2010-12-01 17:06:00,1.28,United Kingdom
2629,536592,21977,PACK OF 60 PINK PAISLEY CAKE CASES,21,2010-12-01 17:06:00,1.28,United Kingdom
2630,536592,21981,PACK OF 12 WOODLAND TISSUES ,1,2010-12-01 17:06:00,0.85,United Kingdom
2631,536592,21982,PACK OF 12 SUKI TISSUES ,2,2010-12-01 17:06:00,0.85,United Kingdom
2632,536592,21984,PACK OF 12 PINK PAISLEY TISSUES ,1,2010-12-01 17:06:00,0.85,United Kingdom
2633,536592,21985,PACK OF 12 HEARTS DESIGN TISSUES ,1,2010-12-01 17:06:00,0.85,United Kingdom
2634,536592,21990,MODERN FLORAL STATIONERY SET,2,2010-12-01 17:06:00,2.5099999999999998,United Kingdom
2635,536592,21991,BOHEMIAN COLLAGE STATIONERY SET,2,2010-12-01 17:06:00,2.5099999999999998,United Kingdom
2636,536592,21992,VINTAGE PAISLEY STATIONERY SET,14,2010-12-01 17:06:00,2.5099999999999998,United Kingdom
2637,536592,21993,FLORAL FOLK STATIONERY SET,6,2010-12-01 17:06:00,2.5099999999999998,United Kingdom
2638,536592,22064,PINK DOUGHNUT TRINKET POT ,2,2010-12-01 17:06:00,3.36,United Kingdom
2639,536592,22065,CHRISTMAS PUDDING TRINKET POT ,1,2010-12-01 17:06:00,3.36,United Kingdom
2640,536592,22077,6 RIBBONS RUSTIC CHARM,7,2010-12-01 17:06:00,3.36,United Kingdom
2641,536592,22078,RIBBON REEL LACE DESIGN ,1,2010-12-01 17:06:00,4.21,United Kingdom
2642,536592,22081,RIBBON REEL FLORA + FAUNA ,2,2010-12-01 17:06:00,3.36,United Kingdom
2643,536592,22082,RIBBON REEL STRIPES DESIGN ,6,2010-12-01 17:06:00,3.36,United Kingdom
2644,536592,22083,PAPER CHAIN KIT RETROSPOT,2,2010-12-01 17:06:00,5.91,United Kingdom
2645,536592,22084,PAPER CHAIN KIT EMPIRE,1,2010-12-01 17:06:00,5.91,United Kingdom
2646,536592,22086,PAPER CHAIN KIT 50'S CHRISTMAS ,22,2010-12-01 17:06:00,5.91,United Kingdom
2647,536592,22090,PAPER BUNTING RETROSPOT,1,2010-12-01 17:06:00,5.91,United Kingdom
2648,536592,22091,EMPIRE TISSUE BOX,2,2010-12-01 17:06:00,2.5099999999999998,United Kingdom
2649,536592,22100,SKULLS SQUARE TISSUE BOX,1,2010-12-01 17:06:00,2.5099999999999998,United Kingdom
2650,536592,22109,FULL ENGLISH BREAKFAST PLATE,2,2010-12-01 17:06:00,7.62,United Kingdom
2651,536592,22111,SCOTTIE DOG HOT WATER BOTTLE,3,2010-12-01 17:06:00,11.02,United Kingdom
2652,536592,22112,CHOCOLATE HOT WATER BOTTLE,3,2010-12-01 17:06:00,11.02,United Kingdom
2653,536592,22114,HOT WATER BOTTLE TEA AND SYMPATHY,3,2010-12-01 17:06:00,8.4700000000000006,United Kingdom
2654,536592,22117,METAL SIGN HER DINNER IS SERVED ,1,2010-12-01 17:06:00,5.91,United Kingdom
2655,536592,22121,NOEL WOODEN BLOCK LETTERS ,1,2010-12-01 17:06:00,11.87,United Kingdom
2656,536592,22124,SET OF 2 TEA TOWELS PING MICROWAVE,2,2010-12-01 17:06:00,2.5099999999999998,United Kingdom
2657,536592,22134,LADLE LOVE HEART RED ,4,2010-12-01 17:06:00,0.85,United Kingdom
2658,536592,22135,LADLE LOVE HEART PINK,4,2010-12-01 17:06:00,0.85,United Kingdom
2659,536592,22141,CHRISTMAS CRAFT TREE TOP ANGEL,4,2010-12-01 17:06:00,4.21,United Kingdom
2660,536592,22142,CHRISTMAS CRAFT WHITE FAIRY ,1,2010-12-01 17:06:00,3.36,United Kingdom
2661,536592,22144,CHRISTMAS CRAFT LITTLE FRIENDS,2,2010-12-01 17:06:00,4.21,United Kingdom
2662,536592,22147,FELTCRAFT BUTTERFLY HEARTS,2,2010-12-01 17:06:00,3.36,United Kingdom
2663,536592,22149,FELTCRAFT 6 FLOWER FRIENDS,2,2010-12-01 17:06:00,4.21,United Kingdom
2664,536592,22161,HEART DECORATION RUSTIC HANGING ,7,2010-12-01 17:06:00,0.81,United Kingdom
2665,536592,22162,HEART GARLAND RUSTIC PADDED,3,2010-12-01 17:06:00,3.36,United Kingdom
2666,536592,22165,"DIAMANTE HEART SHAPED WALL MIRROR, ",1,2010-12-01 17:06:00,11.02,United Kingdom
2667,536592,22169,FAMILY ALBUM WHITE PICTURE FRAME,1,2010-12-01 17:06:00,16.98,United Kingdom
2668,536592,22174,PHOTO CUBE,5,2010-12-01 17:06:00,3.36,United Kingdom
2669,536592,22178,VICTORIAN GLASS HANGING T-LIGHT,8,2010-12-01 17:06:00,2.5099999999999998,United Kingdom
2670,536592,22182,CAKE STAND VICTORIAN FILIGREE SMALL,1,2010-12-01 17:06:00,4.21,United Kingdom
2671,536592,22183,CAKE STAND VICTORIAN FILIGREE MED,2,2010-12-01 17:06:00,5.91,United Kingdom
2672,536592,22184,CAKE STAND VICTORIAN FILIGREE LARGE,1,2010-12-01 17:06:00,8.4700000000000006,United Kingdom
2673,536592,22188,BLACK HEART CARD HOLDER,2,2010-12-01 17:06:00,8.4700000000000006,United Kingdom
2674,536592,22190,LOCAL CAFE MUG,3,2010-12-01 17:06:00,2.5099999999999998,United Kingdom
2675,536592,22195,LARGE HEART MEASURING SPOONS,4,2010-12-01 17:06:00,3.36,United Kingdom
2676,536592,22197,SMALL POPCORN HOLDER,34,2010-12-01 17:06:00,1.66,United Kingdom
2677,536592,22198,LARGE POPCORN HOLDER ,2,2010-12-01 17:06:00,3.36,United Kingdom
2678,536592,22207,FRYING PAN UNION FLAG,1,2010-12-01 17:06:00,8.4700000000000006,United Kingdom
2679,536592,22208,WOOD STAMP SET THANK YOU,1,2010-12-01 17:06:00,3.36,United Kingdom
2680,536592,22245,"HOOK, 1 HANGER ,MAGIC GARDEN",2,2010-12-01 17:06:00,1.66,United Kingdom
2681,536592,22246,MAGIC GARDEN FELT GARLAND ,2,2010-12-01 17:06:00,4.21,United Kingdom
2682,536592,22260,FELT EGG COSY BLUE RABBIT ,2,2010-12-01 17:06:00,1.66,United Kingdom
2683,536592,22261,FELT EGG COSY WHITE RABBIT ,2,2010-12-01 17:06:00,1.66,United Kingdom
2684,536592,22262,FELT EGG COSY CHICKEN,3,2010-12-01 17:06:00,1.66,United Kingdom
2685,536592,22276,WASH BAG VINTAGE ROSE PAISLEY,2,2010-12-01 17:06:00,5.91,United Kingdom
2686,536592,22277,COSMETIC BAG VINTAGE ROSE PAISLEY,2,2010-12-01 17:06:00,4.21,United Kingdom
2687,536592,22278,OVERNIGHT BAG VINTAGE ROSE PAISLEY,1,2010-12-01 17:06:00,11.02,United Kingdom
2688,536592,22283,6 EGG HOUSE PAINTED WOOD,1,2010-12-01 17:06:00,16.13,United Kingdom
2689,536592,22294,HEART FILIGREE DOVE  SMALL,3,2010-12-01 17:06:00,2.5099999999999998,United Kingdom
2690,536592,22300,COFFEE MUG DOG + BALL DESIGN,2,2010-12-01 17:06:00,5.0599999999999996,United Kingdom
2691,536592,22301,COFFEE MUG CAT + BIRD DESIGN,2,2010-12-01 17:06:00,5.0599999999999996,United Kingdom
2692,536592,22304,COFFEE MUG BLUE PAISLEY DESIGN,1,2010-12-01 17:06:00,5.0599999999999996,United Kingdom
2693,536592,22308,TEA COSY BLUE STRIPE,1,2010-12-01 17:06:00,5.0599999999999996,United Kingdom
2694,536592,22309,TEA COSY RED  STRIPE,1,2010-12-01 17:06:00,5.0599999999999996,United Kingdom
2695,536592,22310,IVORY KNITTED MUG COSY ,1,2010-12-01 17:06:00,3.36,United Kingdom
2696,536592,22311,OFFICE MUG WARMER BLACK+SILVER ,2,2010-12-01 17:06:00,5.91,United Kingdom
2697,536592,22312,OFFICE MUG WARMER POLKADOT,1,2010-12-01 17:06:00,5.91,United Kingdom
2698,536592,22314,OFFICE MUG WARMER CHOC+BLUE,1,2010-12-01 17:06:00,5.91,United Kingdom
2699,536592,22317,FIVE CATS HANGING DECORATION,2,2010-12-01 17:06:00,5.91,United Kingdom
2700,536592,22324,BLUE POLKADOT KIDS BAG,1,2010-12-01 17:06:00,4.21,United Kingdom
2701,536592,22325,MOBILE VINTAGE HEARTS ,1,2010-12-01 17:06:00,11.87,United Kingdom
2702,536592,22331,WOODLAND PARTY BAG + STICKER SET,1,2010-12-01 17:06:00,3.36,United Kingdom
2703,536592,22342,HOME GARLAND PAINTED ZINC ,1,2010-12-01 17:06:00,3.36,United Kingdom
2704,536592,22348,TEA BAG PLATE RED RETROSPOT,2,2010-12-01 17:06:00,1.66,United Kingdom
2705,536592,22350,ILLUSTRATED CAT BOWL ,2,2010-12-01 17:06:00,5.0599999999999996,United Kingdom
2706,536592,22352,LUNCH BOX WITH CUTLERY RETROSPOT ,1,2010-12-01 17:06:00,5.0599999999999996,United Kingdom
2707,536592,22355,CHARLOTTE BAG SUKI DESIGN,2,2010-12-01 17:06:00,1.66,United Kingdom
2708,536592,22356,CHARLOTTE BAG PINK POLKADOT,6,2010-12-01 17:06:00,1.66,United Kingdom
2709,536592,22364,GLASS JAR DIGESTIVE BISCUITS,1,2010-12-01 17:06:00,5.91,United Kingdom
2710,536592,22371,AIRLINE BAG VINTAGE TOKYO 78,3,2010-12-01 17:06:00,8.4700000000000006,United Kingdom
2711,536592,22376,AIRLINE BAG VINTAGE JET SET WHITE,2,2010-12-01 17:06:00,8.4700000000000006,United Kingdom
2712,536592,22379,RECYCLING BAG RETROSPOT ,2,2010-12-01 17:06:00,4.21,United Kingdom
2713,536592,22381,TOY TIDY PINK POLKADOT,1,2010-12-01 17:06:00,4.21,United Kingdom
2714,536592,22386,JUMBO BAG PINK POLKADOT,3,2010-12-01 17:06:00,4.21,United Kingdom
2715,536592,22393,PAPERWEIGHT VINTAGE COLLAGE,1,2010-12-01 17:06:00,5.0599999999999996,United Kingdom
2716,536592,22396,MAGNETS PACK OF 4 RETRO PHOTO,1,2010-12-01 17:06:00,2.5099999999999998,United Kingdom
2717,536592,22405,MONEY BOX POCKET MONEY DESIGN,1,2010-12-01 17:06:00,2.5099999999999998,United Kingdom
2718,536592,22409,MONEY BOX BISCUITS DESIGN,1,2010-12-01 17:06:00,2.5099999999999998,United Kingdom
2719,536592,22411,JUMBO SHOPPER VINTAGE RED PAISLEY,2,2010-12-01 17:06:00,4.21,United Kingdom
2720,536592,22413,METAL SIGN TAKE IT OR LEAVE IT ,1,2010-12-01 17:06:00,5.91,United Kingdom
2721,536592,22419,LIPSTICK PEN RED,7,2010-12-01 17:06:00,0.85,United Kingdom
2722,536592,22420,LIPSTICK PEN BABY PINK,2,2010-12-01 17:06:00,0.85,United Kingdom
2723,536592,22421,LIPSTICK PEN FUSCHIA,3,2010-12-01 17:06:00,0.85,United Kingdom
2724,536592,22422,TOOTHPASTE TUBE PEN,2,2010-12-01 17:06:00,1.28,United Kingdom
2725,536592,22423,REGENCY CAKESTAND 3 TIER,47,2010-12-01 17:06:00,12.72,United Kingdom
2726,536592,22425,ENAMEL COLANDER CREAM,1,2010-12-01 17:06:00,10.17,United Kingdom
2727,536592,22427,ENAMEL FLOWER JUG CREAM,1,2010-12-01 17:06:00,11.87,United Kingdom
2728,536592,22428,ENAMEL FIRE BUCKET CREAM,1,2010-12-01 17:06:00,14.43,United Kingdom
2729,536592,22449,SILK PURSE BABUSHKA PINK,1,2010-12-01 17:06:00,6.77,United Kingdom
2730,536592,22451,SILK PURSE BABUSHKA RED,1,2010-12-01 17:06:00,6.77,United Kingdom
2731,536592,22458,CAST IRON HOOK GARDEN FORK,1,2010-12-01 17:06:00,5.0599999999999996,United Kingdom
2732,536592,22459,CAST IRON HOOK GARDEN TROWEL,1,2010-12-01 17:06:00,5.0599999999999996,United Kingdom
2733,536592,22467,GUMBALL COAT RACK,1,2010-12-01 17:06:00,5.0599999999999996,United Kingdom
2734,536592,22469,HEART OF WICKER SMALL,11,2010-12-01 17:06:00,3.36,United Kingdom
2735,536592,22472,TV DINNER TRAY DOLLY GIRL,3,2010-12-01 17:06:00,11.02,United Kingdom
2736,536592,22487,WHITE WOOD GARDEN PLANT LADDER,1,2010-12-01 17:06:00,20.38,United Kingdom
2737,536592,22489,PACK OF 12 TRADITIONAL CRAYONS,2,2010-12-01 17:06:00,0.85,United Kingdom
2738,536592,22499,WOODEN UNION JACK BUNTING,1,2010-12-01 17:06:00,12.72,United Kingdom
2739,536592,22501,PICNIC BASKET WICKER LARGE,2,2010-12-01 17:06:00,21.23,United Kingdom
2740,536592,22503,CABIN BAG VINTAGE PAISLEY,1,2010-12-01 17:06:00,59.53,United Kingdom
2741,536592,22508,DOORSTOP RETROSPOT HEART,2,2010-12-01 17:06:00,7.62,United Kingdom
2742,536592,22530,MAGIC DRAWING SLATE DOLLY GIRL ,3,2010-12-01 17:06:00,0.85,United Kingdom
2743,536592,22531,MAGIC DRAWING SLATE CIRCUS PARADE  ,1,2010-12-01 17:06:00,0.85,United Kingdom
2744,536592,22534,MAGIC DRAWING SLATE SPACEBOY ,1,2010-12-01 17:06:00,0.85,United Kingdom
2745,536592,22536,MAGIC DRAWING SLATE PURDEY,1,2010-12-01 17:06:00,0.85,United Kingdom
2746,536592,22537,MAGIC DRAWING SLATE DINOSAUR,1,2010-12-01 17:06:00,0.85,United Kingdom
2747,536592,22539,MINI JIGSAW DOLLY GIRL,1,2010-12-01 17:06:00,0.85,United Kingdom
2748,536592,22544,MINI JIGSAW SPACEBOY,1,2010-12-01 17:06:00,0.85,United Kingdom
2749,536592,22547,MINI JIGSAW DINOSAUR ,1,2010-12-01 17:06:00,0.85,United Kingdom
2750,536592,22553,PLASTERS IN TIN SKULLS,1,2010-12-01 17:06:00,3.36,United Kingdom
2751,536592,22557,PLASTERS IN TIN VINTAGE PAISLEY ,1,2010-12-01 17:06:00,3.36,United Kingdom
2752,536592,22560,TRADITIONAL MODELLING CLAY,1,2010-12-01 17:06:00,2.5099999999999998,United Kingdom
2753,536592,22561,WOODEN SCHOOL COLOURING SET,1,2010-12-01 17:06:00,3.36,United Kingdom
2754,536592,22565,FELTCRAFT HAIRBANDS PINK AND WHITE ,1,2010-12-01 17:06:00,1.66,United Kingdom
2755,536592,22566,FELTCRAFT HAIRBAND PINK AND PURPLE,1,2010-12-01 17:06:00,1.66,United Kingdom
2756,536592,22569,FELTCRAFT CUSHION BUTTERFLY,2,2010-12-01 17:06:00,7.62,United Kingdom
2757,536592,22570,FELTCRAFT CUSHION RABBIT,1,2010-12-01 17:06:00,7.62,United Kingdom
2758,536592,22571,ROCKING HORSE RED CHRISTMAS ,1,2010-12-01 17:06:00,1.66,United Kingdom
2759,536592,22580,ADVENT CALENDAR GINGHAM SACK,1,2010-12-01 17:06:00,11.87,United Kingdom
2760,536592,22581,WOOD STOCKING CHRISTMAS SCANDISPOT,1,2010-12-01 17:06:00,1.66,United Kingdom
2761,536592,22582,PACK OF 6 SWEETIE GIFT BOXES,2,2010-12-01 17:06:00,5.0599999999999996,United Kingdom
2762,536592,22583,PACK OF 6 HANDBAG GIFT BOXES,1,2010-12-01 17:06:00,5.0599999999999996,United Kingdom
2763,536592,22584,PACK OF 6 PANNETONE GIFT BOXES,1,2010-12-01 17:06:00,5.0599999999999996,United Kingdom
2764,536592,22586,FELTCRAFT HAIRBAND PINK AND BLUE,1,2010-12-01 17:06:00,1.66,United Kingdom
2765,536592,22587,FELTCRAFT HAIRBAND RED AND BLUE,2,2010-12-01 17:06:00,1.66,United Kingdom
2766,536592,22588,CARD HOLDER GINGHAM HEART,5,2010-12-01 17:06:00,5.0599999999999996,United Kingdom
2767,536592,22589,CARDHOLDER GINGHAM STAR,2,2010-12-01 17:06:00,5.0599999999999996,United Kingdom
2768,536592,22600,CHRISTMAS RETROSPOT STAR WOOD,2,2010-12-01 17:06:00,1.66,United Kingdom
2769,536592,22601,CHRISTMAS RETROSPOT ANGEL WOOD,3,2010-12-01 17:06:00,1.66,United Kingdom
2770,536592,22602,CHRISTMAS RETROSPOT HEART WOOD,1,2010-12-01 17:06:00,1.66,United Kingdom
2771,536592,22603,CHRISTMAS RETROSPOT TREE WOOD,1,2010-12-01 17:06:00,1.66,United Kingdom
2772,536592,22619,SET OF 6 SOLDIER SKITTLES,1,2010-12-01 17:06:00,7.62,United Kingdom
2773,536592,22620,4 TRADITIONAL SPINNING TOPS,2,2010-12-01 17:06:00,2.5099999999999998,United Kingdom
2774,536592,22622,BOX OF VINTAGE ALPHABET BLOCKS,1,2010-12-01 17:06:00,21.23,United Kingdom
2775,536592,22624,IVORY KITCHEN SCALES,1,2010-12-01 17:06:00,16.98,United Kingdom
2776,536592,22625,RED KITCHEN SCALES,1,2010-12-01 17:06:00,16.98,United Kingdom
2777,536592,22631,CIRCUS PARADE LUNCH BOX ,1,2010-12-01 17:06:00,4.21,United Kingdom
2778,536592,22632,HAND WARMER RED RETROSPOT,1,2010-12-01 17:06:00,4.21,United Kingdom
2779,536592,22637,PIGGY BANK RETROSPOT ,1,2010-12-01 17:06:00,5.0599999999999996,United Kingdom
2780,536592,22645,CERAMIC HEART FAIRY CAKE MONEY BANK,1,2010-12-01 17:06:00,3.36,United Kingdom
2781,536592,22649,STRAWBERRY FAIRY CAKE TEAPOT,2,2010-12-01 17:06:00,11.02,United Kingdom
2782,536592,22651,GENTLEMAN SHIRT REPAIR KIT ,1,2010-12-01 17:06:00,1.66,United Kingdom
2783,536592,22659,LUNCH BOX I LOVE LONDON,1,2010-12-01 17:06:00,4.21,United Kingdom
2784,536592,22663,JUMBO BAG DOLLY GIRL DESIGN,3,2010-12-01 17:06:00,4.21,United Kingdom
2785,536592,22664,TOY TIDY DOLLY GIRL DESIGN,3,2010-12-01 17:06:00,4.21,United Kingdom
2786,536592,22665,RECIPE BOX BLUE SKETCHBOOK DESIGN,1,2010-12-01 17:06:00,5.91,United Kingdom
2787,536592,22666,RECIPE BOX PANTRY YELLOW DESIGN,1,2010-12-01 17:06:00,5.91,United Kingdom
2788,536592,22668,PINK BABY BUNTING,1,2010-12-01 17:06:00,5.91,United Kingdom
2789,536592,22669,RED BABY BUNTING ,3,2010-12-01 17:06:00,5.91,United Kingdom
2790,536592,22673,FRENCH GARDEN SIGN BLUE METAL,1,2010-12-01 17:06:00,2.5099999999999998,United Kingdom
2791,536592,22678,FRENCH BLUE METAL DOOR SIGN 3,1,2010-12-01 17:06:00,2.5099999999999998,United Kingdom
2792,536592,22692,DOORMAT WELCOME TO OUR HOME,1,2010-12-01 17:06:00,7.95,United Kingdom
2793,536592,22694,WICKER STAR ,1,2010-12-01 17:06:00,4.21,United Kingdom
2794,536592,22696,WICKER WREATH LARGE,1,2010-12-01 17:06:00,4.21,United Kingdom
2795,536592,22697,GREEN REGENCY TEACUP AND SAUCER,3,2010-12-01 17:06:00,5.91,United Kingdom
2796,536592,22699,ROSES REGENCY TEACUP AND SAUCER ,4,2010-12-01 17:06:00,5.91,United Kingdom
2797,536592,22712,CARD DOLLY GIRL ,1,2010-12-01 17:06:00,0.85,United Kingdom
2798,536592,22713,CARD I LOVE LONDON ,4,2010-12-01 17:06:00,0.85,United Kingdom
2799,536592,22726,ALARM CLOCK BAKELIKE GREEN,2,2010-12-01 17:06:00,7.62,United Kingdom
2800,536592,22734,SET OF 6 RIBBONS VINTAGE CHRISTMAS,1,2010-12-01 17:06:00,5.0599999999999996,United Kingdom
2801,536592,22735,RIBBON REEL SOCKS AND MITTENS,3,2010-12-01 17:06:00,3.36,United Kingdom
2802,536592,22737,RIBBON REEL CHRISTMAS PRESENT ,2,2010-12-01 17:06:00,3.36,United Kingdom
2803,536592,22738,RIBBON REEL SNOWY VILLAGE,1,2010-12-01 17:06:00,3.36,United Kingdom
2804,536592,22739,RIBBON REEL CHRISTMAS SOCK BAUBLE,7,2010-12-01 17:06:00,3.36,United Kingdom
2805,536592,22741,FUNKY DIVA PEN,3,2010-12-01 17:06:00,1.66,United Kingdom
2806,536592,22742,MAKE YOUR OWN PLAYTIME CARD KIT,1,2010-12-01 17:06:00,5.91,United Kingdom
2807,536592,22745,POPPY'S PLAYHOUSE BEDROOM ,1,2010-12-01 17:06:00,4.21,United Kingdom
2808,536592,22746,POPPY'S PLAYHOUSE LIVINGROOM ,2,2010-12-01 17:06:00,4.21,United Kingdom
2809,536592,22747,POPPY'S PLAYHOUSE BATHROOM,1,2010-12-01 17:06:00,4.21,United Kingdom
2810,536592,22748,POPPY'S PLAYHOUSE KITCHEN,1,2010-12-01 17:06:00,4.21,United Kingdom
2811,536592,22749,FELTCRAFT PRINCESS CHARLOTTE DOLL,2,2010-12-01 17:06:00,7.62,United Kingdom
2812,536592,22751,FELTCRAFT PRINCESS OLIVIA DOLL,1,2010-12-01 17:06:00,7.62,United Kingdom
2813,536592,22754,SMALL RED BABUSHKA NOTEBOOK ,2,2010-12-01 17:06:00,1.66,United Kingdom
2814,536592,22756,LARGE YELLOW BABUSHKA NOTEBOOK ,1,2010-12-01 17:06:00,2.5099999999999998,United Kingdom
2815,536592,22758,LARGE PURPLE BABUSHKA NOTEBOOK  ,2,2010-12-01 17:06:00,2.5099999999999998,United Kingdom
2816,536592,22759,SET OF 3 NOTEBOOKS IN PARCEL,5,2010-12-01 17:06:00,3.36,United Kingdom
2817,536592,22775,PURPLE DRAWERKNOB ACRYLIC EDWARDIAN,3,2010-12-01 17:06:00,2.5099999999999998,United Kingdom
2818,536592,22781,GUMBALL MAGAZINE RACK,1,2010-12-01 17:06:00,15.28,United Kingdom
2819,536592,22788,BROCANTE COAT RACK,1,2010-12-01 17:06:00,20.38,United Kingdom
2820,536592,22791,T-LIGHT GLASS FLUTED ANTIQUE,4,2010-12-01 17:06:00,2.5099999999999998,United Kingdom
2821,536592,22792,FLUTED ANTIQUE CANDLE HOLDER,4,2010-12-01 17:06:00,1.66,United Kingdom
2822,536592,22794,SWEETHEART WIRE MAGAZINE RACK,1,2010-12-01 17:06:00,16.13,United Kingdom
2823,536592,22795,SWEETHEART RECIPE BOOK STAND,3,2010-12-01 17:06:00,13.57,United Kingdom
2824,536592,22798,ANTIQUE GLASS DRESSING TABLE POT,2,2010-12-01 17:06:00,5.91,United Kingdom
2825,536592,22800,ANTIQUE TALL SWIRLGLASS TRINKET POT,2,2010-12-01 17:06:00,7.62,United Kingdom
2826,536592,22801,ANTIQUE GLASS PEDESTAL BOWL,2,2010-12-01 17:06:00,7.62,United Kingdom
2827,536592,22805,BLUE DRAWER KNOB ACRYLIC EDWARDIAN,4,2010-12-01 17:06:00,2.5099999999999998,United Kingdom
2828,536592,22810,SET OF 6 T-LIGHTS SNOWMEN,1,2010-12-01 17:06:00,5.91,United Kingdom
2829,536592,22812,PACK 3 BOXES CHRISTMAS PANNETONE,3,2010-12-01 17:06:00,4.21,United Kingdom
2830,536592,22813,PACK 3 BOXES BIRD PANNETONE ,2,2010-12-01 17:06:00,4.21,United Kingdom
2831,536592,22814,CARD PARTY GAMES ,5,2010-12-01 17:06:00,0.85,United Kingdom
2832,536592,22831,WHITE BROCANTE SOAP DISH,1,2010-12-01 17:06:00,5.91,United Kingdom
2833,536592,22834,HAND WARMER BABUSHKA DESIGN,3,2010-12-01 17:06:00,4.21,United Kingdom
2834,536592,22835,HOT WATER BOTTLE I AM SO POORLY,5,2010-12-01 17:06:00,9.32,United Kingdom
2835,536592,22837,HOT WATER BOTTLE BABUSHKA ,3,2010-12-01 17:06:00,9.32,United Kingdom
2836,536592,22841,ROUND CAKE TIN VINTAGE GREEN,1,2010-12-01 17:06:00,16.13,United Kingdom
2837,536592,22844,VINTAGE CREAM DOG FOOD CONTAINER,1,2010-12-01 17:06:00,16.98,United Kingdom
2838,536592,22854,CREAM SWEETHEART EGG HOLDER,1,2010-12-01 17:06:00,11.02,United Kingdom
2839,536592,22855,FINE WICKER HEART ,1,2010-12-01 17:06:00,2.5099999999999998,United Kingdom
2840,536592,22862,LOVE HEART NAPKIN BOX ,1,2010-12-01 17:06:00,8.4700000000000006,United Kingdom
2841,536592,22863,SOAP DISH BROCANTE,1,2010-12-01 17:06:00,5.91,United Kingdom
2842,536592,22865,HAND WARMER OWL DESIGN,7,2010-12-01 17:06:00,4.21,United Kingdom
2843,536592,22866,HAND WARMER SCOTTY DOG DESIGN,4,2010-12-01 17:06:00,4.21,United Kingdom
2844,536592,22867,HAND WARMER BIRD DESIGN,2,2010-12-01 17:06:00,4.21,United Kingdom
2845,536592,22870,NUMBER TILE COTTAGE GARDEN 2,1,2010-12-01 17:06:00,4.21,United Kingdom
2846,536592,22890,NOVELTY BISCUITS CAKE STAND 3 TIER,1,2010-12-01 17:06:00,20.38,United Kingdom
2847,536592,22895,SET OF 2 TEA TOWELS APPLE AND PEARS,5,2010-12-01 17:06:00,5.91,United Kingdom
2848,536592,22897,OVEN MITT APPLES DESIGN,1,2010-12-01 17:06:00,2.98,United Kingdom
2849,536592,22898,CHILDRENS APRON APPLES DESIGN,2,2010-12-01 17:06:00,4.21,United Kingdom
2850,536592,22900, SET 2 TEA TOWELS I LOVE LONDON ,1,2010-12-01 17:06:00,5.91,United Kingdom
2851,536592,22904,CALENDAR PAPER CUT DESIGN,1,2010-12-01 17:06:00,5.91,United Kingdom
2852,536592,22906,12 MESSAGE CARDS WITH ENVELOPES,1,2010-12-01 17:06:00,3.36,United Kingdom
2853,536592,22909,SET OF 20 VINTAGE CHRISTMAS NAPKINS,7,2010-12-01 17:06:00,1.66,United Kingdom
2854,536592,22910,PAPER CHAIN KIT VINTAGE CHRISTMAS,10,2010-12-01 17:06:00,5.91,United Kingdom
2855,536592,22915,ASSORTED BOTTLE TOP  MAGNETS ,1,2010-12-01 17:06:00,5.0599999999999996,United Kingdom
2856,536592,22916,HERB MARKER THYME,1,2010-12-01 17:06:00,1.66,United Kingdom
2857,536592,22917,HERB MARKER ROSEMARY,1,2010-12-01 17:06:00,1.66,United Kingdom
2858,536592,22918,HERB MARKER PARSLEY,1,2010-12-01 17:06:00,1.66,United Kingdom
2859,536592,22919,HERB MARKER MINT,1,2010-12-01 17:06:00,1.66,United Kingdom
2860,536592,22920,HERB MARKER BASIL,1,2010-12-01 17:06:00,1.66,United Kingdom
2861,536592,22921,HERB MARKER CHIVES ,1,2010-12-01 17:06:00,1.66,United Kingdom
2862,536592,22940,FELTCRAFT CHRISTMAS FAIRY,3,2010-12-01 17:06:00,8.4700000000000006,United Kingdom
2863,536592,22941,CHRISTMAS LIGHTS 10 REINDEER,4,2010-12-01 17:06:00,16.98,United Kingdom
2864,536592,22944,CHRISTMAS METAL POSTCARD WITH BELLS,1,2010-12-01 17:06:00,16.13,United Kingdom
2865,536592,22945,CHRISTMAS METAL TAGS ASSORTED ,2,2010-12-01 17:06:00,11.02,United Kingdom
2866,536592,22946,WOODEN ADVENT CALENDAR CREAM,1,2010-12-01 17:06:00,34,United Kingdom
2867,536592,22947,WOODEN ADVENT CALENDAR RED,1,2010-12-01 17:06:00,34,United Kingdom
2868,536592,22948,METAL DECORATION NAUGHTY CHILDREN ,2,2010-12-01 17:06:00,6.77,United Kingdom
2869,536592,22951,60 CAKE CASES DOLLY GIRL DESIGN,2,2010-12-01 17:06:00,1.28,United Kingdom
2870,536592,22952,60 CAKE CASES VINTAGE CHRISTMAS,7,2010-12-01 17:06:00,1.28,United Kingdom
2871,536592,22961,JAM MAKING SET PRINTED,1,2010-12-01 17:06:00,3.36,United Kingdom
2872,536592,22968,ROSE COTTAGE KEEPSAKE BOX ,3,2010-12-01 17:06:00,20.38,United Kingdom
2873,536592,22969,HOMEMADE JAM SCENTED CANDLES,9,2010-12-01 17:06:00,3.36,United Kingdom
2874,536592,22972,CHILDREN'S SPACEBOY MUG,1,2010-12-01 17:06:00,3.36,United Kingdom
2875,536592,22973,CHILDREN'S CIRCUS PARADE MUG,1,2010-12-01 17:06:00,3.36,United Kingdom
2876,536592,22974,CHILDRENS DOLLY GIRL MUG,1,2010-12-01 17:06:00,3.36,United Kingdom
2877,536592,22975,SPACEBOY CHILDRENS EGG CUP,2,2010-12-01 17:06:00,2.5099999999999998,United Kingdom
2878,536592,22976,CIRCUS PARADE CHILDRENS EGG CUP ,2,2010-12-01 17:06:00,2.5099999999999998,United Kingdom
2879,536592,22977,DOLLY GIRL CHILDRENS EGG CUP,1,2010-12-01 17:06:00,2.5099999999999998,United Kingdom
2880,536592,22988,SOLDIERS EGG CUP ,7,2010-12-01 17:06:00,2.5099999999999998,United Kingdom
2881,536592,35095A,BLUE VICTORIAN FABRIC OVAL BOX,1,2010-12-01 17:06:00,0.84,United Kingdom
2882,536592,35471D,SET OF 3 BIRD LIGHT PINK FEATHER ,1,2010-12-01 17:06:00,2.5099999999999998,United Kingdom
2883,536592,35598B,BLACK CHRISTMAS TREE 60CM,1,2010-12-01 17:06:00,6.77,United Kingdom
2884,536592,35599D,PINK AND WHITE CHRISTMAS TREE 120CM,1,2010-12-01 17:06:00,5.91,United Kingdom
2885,536592,35637A,IVORY STRING CURTAIN WITH POLE ,1,2010-12-01 17:06:00,19.53,United Kingdom
2886,536592,35916B,BLUE FELT HANGING HEART W FLOWER,1,2010-12-01 17:06:00,1.66,United Kingdom
2887,536592,35916C,PINK FELT HANGING HEART W FLOWER,1,2010-12-01 17:06:00,1.66,United Kingdom
2888,536592,35957,SMALLFOLKART BAUBLE CHRISTMAS DEC,5,2010-12-01 17:06:00,1.66,United Kingdom
2889,536592,35961,FOLKART ZINC HEART CHRISTMAS DEC,4,2010-12-01 17:06:00,1.66,United Kingdom
2890,536592,35964,FOLKART CLIP ON STARS,1,2010-12-01 17:06:00,1.66,United Kingdom
2891,536592,35965,FOLKART HEART NAPKIN RINGS,4,2010-12-01 17:06:00,3.36,United Kingdom
2892,536592,35967,FOLK ART METAL STAR T-LIGHT HOLDER,3,2010-12-01 17:06:00,1.66,United Kingdom
2893,536592,37370,RETRO COFFEE MUGS ASSORTED,1,2010-12-01 17:06:00,16.13,United Kingdom
2894,536592,37444C,PINK BREAKFAST CUP AND SAUCER ,1,2010-12-01 17:06:00,5.91,United Kingdom
2895,536592,37446,MINI CAKE STAND WITH HANGING CAKES,1,2010-12-01 17:06:00,3.36,United Kingdom
2896,536592,37450,CERAMIC CAKE BOWL + HANGING CAKES,1,2010-12-01 17:06:00,5.91,United Kingdom
2897,536592,37491A,YELLOW/PINK CERAMIC CANDLE HOLDER,1,2010-12-01 17:06:00,3.36,United Kingdom
2898,536592,46775D,SUNSET COLOUR CHUNKY KNITTED THROW,1,2010-12-01 17:06:00,11.02,United Kingdom
2899,536592,46776B,WOVEN BERRIES CUSHION COVER ,1,2010-12-01 17:06:00,4.21,United Kingdom
2900,536592,47563A,RETRO LONGBOARD IRONING BOARD COVER,1,2010-12-01 17:06:00,5.91,United Kingdom
2901,536592,47566B,TEA TIME PARTY BUNTING,1,2010-12-01 17:06:00,8.4700000000000006,United Kingdom
2902,536592,47567B,TEA TIME KITCHEN APRON,1,2010-12-01 17:06:00,12.72,United Kingdom
2903,536592,47590A,BLUE HAPPY BIRTHDAY BUNTING,1,2010-12-01 17:06:00,11.02,United Kingdom
2904,536592,47590B,PINK HAPPY BIRTHDAY BUNTING,1,2010-12-01 17:06:00,11.02,United Kingdom
2905,536592,47591B,SCOTTIES CHILDRENS APRON,22,2010-12-01 17:06:00,1.66,United Kingdom
2906,536592,47591D,PINK FAIRY CAKE CHILDRENS APRON,3,2010-12-01 17:06:00,4.21,United Kingdom
2907,536592,47593B,SCOTTIE DOGS BABY BIB,3,2010-12-01 17:06:00,0.85,United Kingdom
2908,536592,47594A,CAROUSEL DESIGN WASHBAG,1,2010-12-01 17:06:00,4.21,United Kingdom
2909,536592,47599A,PINK PARTY BAGS,1,2010-12-01 17:06:00,4.21,United Kingdom
2910,536592,48111,DOORMAT 3 SMILEY CATS,1,2010-12-01 17:06:00,14.43,United Kingdom
2911,536592,48138,DOORMAT UNION FLAG,1,2010-12-01 17:06:00,14.43,United Kingdom
2912,536592,48187,DOORMAT NEW ENGLAND,1,2010-12-01 17:06:00,14.43,United Kingdom
2913,536592,48194,DOORMAT HEARTS,1,2010-12-01 17:06:00,14.43,United Kingdom
2914,536592,51014A,"FEATHER PEN,HOT PINK",1,2010-12-01 17:06:00,1.66,United Kingdom
2915,536592,51014C,"FEATHER PEN,COAL BLACK",1,2010-12-01 17:06:00,1.66,United Kingdom
2916,536592,70006,LOVE HEART POCKET WARMER,2,2010-12-01 17:06:00,3.36,United Kingdom
2917,536592,70007,HI TEC ALPINE HAND WARMER,1,2010-12-01 17:06:00,3.36,United Kingdom
2918,536592,71477,COLOUR GLASS. STAR T-LIGHT HOLDER,1,2010-12-01 17:06:00,6.77,United Kingdom
2919,536592,71496A,A4 WALL TIDY BLUE OFFICE,2,2010-12-01 17:06:00,1.49,United Kingdom
2920,536592,72134,COLUMBIAN  CUBE CANDLE ,1,2010-12-01 17:06:00,1.66,United Kingdom
2921,536592,72741,GRAND CHOCOLATECANDLE,3,2010-12-01 17:06:00,2.82,United Kingdom
2922,536592,72807A,SET/3 ROSE CANDLE IN JEWELLED BOX,1,2010-12-01 17:06:00,8.4700000000000006,United Kingdom
2923,536592,72816,SET/3 CHRISTMAS DECOUPAGE CANDLES,5,2010-12-01 17:06:00,2.5099999999999998,United Kingdom
2924,536592,72817,SET OF 2 CHRISTMAS DECOUPAGE CANDLE,1,2010-12-01 17:06:00,1.66,United Kingdom
2925,536592,79067,CORONA MEXICAN TRAY,1,2010-12-01 17:06:00,8.4700000000000006,United Kingdom
2926,536592,79302M,"ART LIGHTS,FUNK MONKEY",1,2010-12-01 17:06:00,5.91,United Kingdom
2927,536592,79321,CHILLI LIGHTS,2,2010-12-01 17:06:00,10.17,United Kingdom
2928,536592,82551,LAUNDRY 15C METAL SIGN,2,2010-12-01 17:06:00,2.5099999999999998,United Kingdom
2929,536592,82552,WASHROOM METAL SIGN,1,2010-12-01 17:06:00,2.5099999999999998,United Kingdom
2930,536592,82578,KITCHEN METAL SIGN,1,2010-12-01 17:06:00,1.28,United Kingdom
2931,536592,82580,BATHROOM METAL SIGN,3,2010-12-01 17:06:00,1.28,United Kingdom
2932,536592,82582,AREA PATROLLED METAL SIGN,1,2010-12-01 17:06:00,4.21,United Kingdom
2933,536592,82599,FANNY'S REST STOPMETAL SIGN,2,2010-12-01 17:06:00,4.21,United Kingdom
2934,536592,82613B,"METAL SIGN,CUPCAKE SINGLE HOOK",1,2010-12-01 17:06:00,2.5099999999999998,United Kingdom
2935,536592,82613C,"METAL SIGN,CUPCAKE SINGLE HOOK",1,2010-12-01 17:06:00,2.5099999999999998,United Kingdom
2936,536592,82613D,METAL SIGN CUPCAKE SINGLE HOOK,3,2010-12-01 17:06:00,2.5099999999999998,United Kingdom
2937,536592,82616C,MIDNIGHT GLAMOUR SCARF KNITTING KIT,1,2010-12-01 17:06:00,2.5099999999999998,United Kingdom
2938,536592,84029E,RED WOOLLY HOTTIE WHITE HEART.,1,2010-12-01 17:06:00,7.62,United Kingdom
2939,536592,84029G,KNITTED UNION FLAG HOT WATER BOTTLE,2,2010-12-01 17:06:00,7.62,United Kingdom
2940,536592,84031B,CHARLIE LOLA BLUE HOT WATER BOTTLE ,1,2010-12-01 17:06:00,4.21,United Kingdom
2941,536592,84032A,CHARLIE+LOLA PINK HOT WATER BOTTLE,8,2010-12-01 17:06:00,3.36,United Kingdom
2942,536592,84032B,CHARLIE + LOLA RED HOT WATER BOTTLE,1,2010-12-01 17:06:00,3.36,United Kingdom
2943,536592,84086C,PINK/PURPLE RETRO RADIO,1,2010-12-01 17:06:00,4.21,United Kingdom
2944,536592,84279P,CHERRY BLOSSOM  DECORATIVE FLASK,1,2010-12-01 17:06:00,8.4700000000000006,United Kingdom
2945,536592,84347,ROTATING SILVER ANGELS T-LIGHT HLDR,1,2010-12-01 17:06:00,5.0599999999999996,United Kingdom
2946,536592,84375,SET OF 20 KIDS COOKIE CUTTERS,1,2010-12-01 17:06:00,4.21,United Kingdom
2947,536592,84378,SET OF 3 HEART COOKIE CUTTERS,1,2010-12-01 17:06:00,2.5099999999999998,United Kingdom
2948,536592,84380,SET OF 3 BUTTERFLY COOKIE CUTTERS,1,2010-12-01 17:06:00,2.5099999999999998,United Kingdom
2949,536592,84459B,YELLOW METAL CHICKEN HEART ,1,2010-12-01 17:06:00,3.36,United Kingdom
2950,536592,84509A,SET OF 4 ENGLISH ROSE PLACEMATS,2,2010-12-01 17:06:00,7.62,United Kingdom
2951,536592,84510A,SET OF 4 ENGLISH ROSE COASTERS,2,2010-12-01 17:06:00,2.5099999999999998,United Kingdom
2952,536592,84520B,PACK 20 ENGLISH ROSE PAPER NAPKINS,2,2010-12-01 17:06:00,1.66,United Kingdom
2953,536592,84536A,ENGLISH ROSE NOTEBOOK A7 SIZE,1,2010-12-01 17:06:00,0.85,United Kingdom
2954,536592,84536B,FAIRY CAKES NOTEBOOK A7 SIZE,1,2010-12-01 17:06:00,0.85,United Kingdom
2955,536592,84559A,3D SHEET OF DOG STICKERS,1,2010-12-01 17:06:00,1.69,United Kingdom
2956,536592,84559B,3D SHEET OF CAT STICKERS,1,2010-12-01 17:06:00,1.69,United Kingdom
2957,536592,84580,MOUSE TOY WITH PINK T-SHIRT,2,2010-12-01 17:06:00,4.21,United Kingdom
2958,536592,84596J,MIXED NUTS LIGHT GREEN BOWL,1,2010-12-01 17:06:00,2.5099999999999998,United Kingdom
2959,536592,84609,TALL ROCOCO CANDLE HOLDER,1,2010-12-01 17:06:00,16.98,United Kingdom
2960,536592,84659A,WHITE TRAVEL ALARM CLOCK,3,2010-12-01 17:06:00,2.5099999999999998,United Kingdom
2961,536592,84663A,GRASS HOPPER WOODEN WALL CLOCK ,1,2010-12-01 17:06:00,5.91,United Kingdom
2962,536592,84692,BOX OF 24 COCKTAIL PARASOLS,3,2010-12-01 17:06:00,0.85,United Kingdom
2963,536592,84754,S/15 SILVER GLASS BAUBLES IN BAG,1,2010-12-01 17:06:00,2.5099999999999998,United Kingdom
2964,536592,84755,COLOUR GLASS T-LIGHT HOLDER HANGING,4,2010-12-01 17:06:00,1.27,United Kingdom
2965,536592,84828,JUNGLE POPSICLES ICE LOLLY HOLDERS,2,2010-12-01 17:06:00,2.5099999999999998,United Kingdom
2966,536592,84832,ZINC WILLIE WINKIE  CANDLE STICK,1,2010-12-01 17:06:00,1.66,United Kingdom
2967,536592,84856L,LARGE TAHITI BEACH BAG,1,2010-12-01 17:06:00,11.87,United Kingdom
2968,536592,84879,ASSORTED COLOUR BIRD ORNAMENT,8,2010-12-01 17:06:00,3.19,United Kingdom
2969,536592,84912B,GREEN ROSE WASHBAG,1,2010-12-01 17:06:00,3.36,United Kingdom
2970,536592,84913B,MINT GREEN ROSE TOWEL,2,2010-12-01 17:06:00,3.36,United Kingdom
2971,536592,84915,HAND TOWEL PINK FLOWER AND DAISY,2,2010-12-01 17:06:00,4.21,United Kingdom
2972,536592,84923,PINK BUTTERFLY HANDBAG W BOBBLES,1,2010-12-01 17:06:00,4.21,United Kingdom
2973,536592,84946,ANTIQUE SILVER TEA GLASS ETCHED,28,2010-12-01 17:06:00,2.5099999999999998,United Kingdom
2974,536592,84950,ASSORTED COLOUR T-LIGHT HOLDER,18,2010-12-01 17:06:00,0.99,United Kingdom
2975,536592,84969,BOX OF 6 ASSORTED COLOUR TEASPOONS,1,2010-12-01 17:06:00,8.4700000000000006,United Kingdom
2976,536592,84970L,SINGLE HEART ZINC T-LIGHT HOLDER,3,2010-12-01 17:06:00,2.13,United Kingdom
2977,536592,84970S,HANGING HEART ZINC T-LIGHT HOLDER,1,2010-12-01 17:06:00,2.13,United Kingdom
2978,536592,84971S,SMALL HEART FLOWERS HOOK ,3,2010-12-01 17:06:00,1.66,United Kingdom
2979,536592,84976,RECTANGULAR SHAPED MIRROR,1,2010-12-01 17:06:00,3.36,United Kingdom
2980,536592,84988,SET OF 72 PINK HEART PAPER DOILIES,5,2010-12-01 17:06:00,2.98,United Kingdom
2981,536592,84992,72 SWEETHEART FAIRY CAKE CASES,1,2010-12-01 17:06:00,1.28,United Kingdom
2982,536592,85008,SET OF 3 CONEY ISLAND OVAL BOXES,1,2010-12-01 17:06:00,10.17,United Kingdom
2983,536592,85015,SET OF 12  VINTAGE POSTCARD SET,2,2010-12-01 17:06:00,2.5099999999999998,United Kingdom
2984,536592,85017A,ENVELOPE 50 ROMANTIC IMAGES,1,2010-12-01 17:06:00,0.85,United Kingdom
2985,536592,85017B,ENVELOPE 50 BLOSSOM IMAGES,1,2010-12-01 17:06:00,0.85,United Kingdom
2986,536592,85032D,YULETIDE IMAGES GIFT WRAP SET,4,2010-12-01 17:06:00,1.66,United Kingdom
2987,536592,85040B,SET/4 BLUE FLOWER CANDLES IN BOWL,2,2010-12-01 17:06:00,3.36,United Kingdom
2988,536592,85048,15CM CHRISTMAS GLASS BALL 20 LIGHTS,1,2010-12-01 17:06:00,16.98,United Kingdom
2989,536592,85049A,TRADITIONAL CHRISTMAS RIBBONS,3,2010-12-01 17:06:00,2.5099999999999998,United Kingdom
2990,536592,85049E,SCANDINAVIAN REDS RIBBONS,5,2010-12-01 17:06:00,2.5099999999999998,United Kingdom
2991,536592,85049G,CHOCOLATE BOX RIBBONS ,1,2010-12-01 17:06:00,2.5099999999999998,United Kingdom
2992,536592,85053,FRENCH ENAMEL CANDLEHOLDER,1,2010-12-01 17:06:00,4.21,United Kingdom
2993,536592,85064,CREAM SWEETHEART LETTER RACK,1,2010-12-01 17:06:00,11.02,United Kingdom
2994,536592,85099B,JUMBO BAG RED RETROSPOT,1,2010-12-01 17:06:00,4.21,United Kingdom
2995,536592,85099F,JUMBO BAG STRAWBERRY,1,2010-12-01 17:06:00,4.21,United Kingdom
2996,536592,85114A,BLACK ENCHANTED FOREST PLACEMAT,4,2010-12-01 17:06:00,3.36,United Kingdom
2997,536592,85114B,IVORY ENCHANTED FOREST PLACEMAT,1,2010-12-01 17:06:00,3.36,United Kingdom
2998,536592,85114C,RED ENCHANTED FOREST PLACEMAT,2,2010-12-01 17:06:00,3.36,United Kingdom
2999,536592,85116,BLACK CANDELABRA T-LIGHT HOLDER,1,2010-12-01 17:06:00,1.66,United Kingdom
3000,536592,85123A,WHITE HANGING HEART T-LIGHT HOLDER,9,2010-12-01 17:06:00,5.91,United Kingdom
3001,536592,85131B,BEADED CRYSTAL HEART GREEN ON STICK,1,2010-12-01 17:06:00,0.85,United Kingdom
